-- phpMyAdmin SQL Dump
-- version 5.2.1
-- https://www.phpmyadmin.net/
--
-- 主機： 127.0.0.1
-- 產生時間： 2023-10-06 00:09:01
-- 伺服器版本： 10.4.28-MariaDB
-- PHP 版本： 8.2.4

SET SQL_MODE = "NO_AUTO_VALUE_ON_ZERO";
START TRANSACTION;
SET time_zone = "+00:00";


/*!40101 SET @OLD_CHARACTER_SET_CLIENT=@@CHARACTER_SET_CLIENT */;
/*!40101 SET @OLD_CHARACTER_SET_RESULTS=@@CHARACTER_SET_RESULTS */;
/*!40101 SET @OLD_COLLATION_CONNECTION=@@COLLATION_CONNECTION */;
/*!40101 SET NAMES utf8mb4 */;

--
-- 資料庫： `coffseeker_db`
--

-- --------------------------------------------------------

--
-- 資料表結構 `categories`
--

CREATE TABLE `categories` (
  `categories_id` int(3) NOT NULL,
  `categories_name` varchar(20) NOT NULL,
  `valid` tinyint(2) NOT NULL DEFAULT 1
) ENGINE=InnoDB DEFAULT CHARSET=utf8mb4 COLLATE=utf8mb4_general_ci;

--
-- 傾印資料表的資料 `categories`
--

INSERT INTO `categories` (`categories_id`, `categories_name`, `valid`) VALUES
(1, '精選咖啡豆', 1),
(2, '咖啡綜合禮品', 1),
(3, '咖啡用具', 1),
(4, '咖啡飲用器具', 1),
(5, '咖啡機台', 1),
(6, '其他咖啡機具 ', 1),
(7, '咖啡書籍', 1),
(8, '咖啡課程', 1),
(9, 'test', 0),
(10, 'Test2', 0),
(11, 'Ahoyz', 0);

-- --------------------------------------------------------

--
-- 資料表結構 `categories_item`
--

CREATE TABLE `categories_item` (
  `items_id` int(3) NOT NULL,
  `items_name` varchar(20) NOT NULL,
  `valid` tinyint(4) NOT NULL DEFAULT 1,
  `categories_id` int(3) NOT NULL
) ENGINE=InnoDB DEFAULT CHARSET=utf8mb4 COLLATE=utf8mb4_general_ci;

--
-- 傾印資料表的資料 `categories_item`
--

INSERT INTO `categories_item` (`items_id`, `items_name`, `valid`, `categories_id`) VALUES
(1, '咖啡豆', 1, 1),
(2, '咖啡粉', 1, 1),
(3, '濾掛式咖啡包', 1, 1),
(4, '即溶式咖啡', 1, 1),
(5, '咖啡豆禮盒', 1, 2),
(6, '咖啡粉禮盒', 1, 2),
(7, '濾掛式禮盒', 1, 2),
(8, '綜合大禮盒', 1, 2),
(9, '盎司杯', 1, 3),
(10, '濾杯', 1, 3),
(11, '濾紙', 1, 3),
(12, '咖啡豆/粉專用勺', 1, 3),
(13, '拉花杯', 1, 3),
(14, '電子溫度計', 1, 3),
(15, '電子定時器', 1, 3),
(16, '電子磅秤', 1, 3),
(17, '咖啡壺', 1, 4),
(18, '咖啡杯', 1, 4),
(19, '滴漏式咖啡機', 1, 5),
(20, '半自動義式咖啡機', 1, 5),
(21, '全自動義式咖啡機', 1, 5),
(22, '膠囊咖啡機', 1, 5),
(23, '手動磨豆機', 1, 6),
(24, '烘豆機', 1, 6),
(26, '奶泡機', 1, 6),
(27, '虹吸機', 1, 6),
(33, '咖啡膠囊', 1, 1),
(34, '冷萃咖啡', 1, 1),
(35, '咖啡碟', 1, 4),
(36, '拿鐵杯', 1, 4),
(37, '雙層玻璃杯', 1, 4),
(38, '陶瓷杯', 1, 4),
(39, '不鏽鋼杯', 1, 4),
(40, '馬克杯', 1, 4),
(41, '冰咖啡杯', 1, 4),
(42, '咖啡瓶', 1, 4),
(43, '手動磨豆機', 1, 3),
(44, '電動磨豆機', 1, 6),
(45, '咖啡壓縮器', 1, 6),
(46, '咖啡杯稱重器', 1, 3),
(47, '冷萃器', 1, 3),
(48, '咖啡水壺', 1, 3),
(49, '咖啡工具禮盒', 1, 2),
(50, 'test2', 1, 1),
(51, 'test', 0, 10);

-- --------------------------------------------------------

--
-- 資料表結構 `coffseeker_teachers`
--

CREATE TABLE `coffseeker_teachers` (
  `teacher_id` int(6) NOT NULL,
  `teacher_name` text NOT NULL,
  `teacher_phone` varchar(13) NOT NULL,
  `teacher_gender` text NOT NULL,
  `teacher_mail` text NOT NULL,
  `teacher_qualification` longtext NOT NULL,
  `teacher_experience` int(11) NOT NULL,
  `teacher_specialty` text NOT NULL,
  `created_at` date NOT NULL,
  `valid` tinyint(2) NOT NULL
) ENGINE=InnoDB DEFAULT CHARSET=utf8mb4 COLLATE=utf8mb4_general_ci;

--
-- 傾印資料表的資料 `coffseeker_teachers`
--

INSERT INTO `coffseeker_teachers` (`teacher_id`, `teacher_name`, `teacher_phone`, `teacher_gender`, `teacher_mail`, `teacher_qualification`, `teacher_experience`, `teacher_specialty`, `created_at`, `valid`) VALUES
(1, '張小蘭', '0912-345678', '女', 'zhangxiaolan@example.com ', '咖啡師證照', 5, '特色咖啡調製', '2020-02-15', 1),
(2, '王大明', '0921-987654', '男', 'wangdaming@example.com', '咖啡品鑑師', 8, '咖啡品質控制', '2021-07-21', 1),
(3, '李小雪', '0933-246810', '女', 'lixiaoxue@example.com', '咖啡萃取師', 3, '手沖咖啡', '2019-09-12', 1),
(4, '陳志豪', '0988-135790', '男', 'chenzhihao@example.com', '咖啡烘焙師', 6, '特殊風味咖啡', '2022-05-27', 1),
(5, '林美玲', '0955-864209', '女', 'linmeiling@example.com', '咖啡萃取師', 4, '義式濃縮咖啡', '2023-02-06', 1),
(6, '黃建國', '0977-567890', '男', 'huangjianguo@example.com', '咖啡師證照', 7, '手工調製咖啡', '2022-02-10', 1),
(7, '劉小婷', '0966-123456', '女', 'liuxiaoting@example.com', '咖啡品鑑師', 9, '咖啡品質控制', '2019-07-06', 1),
(8, '張宏偉', '0944-789012', '男', 'zhanghongwei@example.com', '咖啡烘焙師', 5, '香草風味咖啡', '2021-05-20', 1),
(9, '李佳玲', '0922-567891', '女', 'lijialing@example.com', '咖啡萃取師', 2, '摩卡風味咖啡', '2020-11-13', 1),
(10, '王俊宏', '0931-234567', '男', 'wangjunhong@example.com', '咖啡師證照', 4, '花香風味咖啡', '2019-09-30', 1),
(11, '蔡淑芳', '0937-258513', '女', ' shaufang@example.com', '咖啡烘焙師', 6, '深焙咖啡', '2021-07-10', 1),
(12, '陳建平', '0955-518447', '男', 'chienping@example.com', '咖啡萃取師', 4, '冰滴咖啡', '2019-11-23', 1),
(25, 'Tommy', '0978787878', '男', 'tommy@test.com', 'tommy', 3, '特色咖啡調製', '2023-07-15', 1),
(64, 'YENTE', '0970812816', '男', 'kayinortin@hotmail.com', '咖啡師證照, 咖啡品鑑師', 3, '睡覺', '2023-07-16', 1),
(65, 'YEN', '09708128', '男', 'kayinor@hotmail.com', '咖啡萃取師, 咖啡烘焙師, 睡覺', 5, '睡覺唷', '2023-07-16', 1);

-- --------------------------------------------------------

--
-- 資料表結構 `coupon`
--

CREATE TABLE `coupon` (
  `coupon_id` int(5) NOT NULL,
  `coupon_name` text NOT NULL,
  `coupon_code` varchar(10) NOT NULL,
  `coupon_valid` tinyint(4) NOT NULL,
  `valid_description` varchar(255) NOT NULL,
  `discount_type` text NOT NULL,
  `discount_value` varchar(10) NOT NULL,
  `start_at` date NOT NULL,
  `expires_at` date NOT NULL,
  `created_at` date NOT NULL,
  `updated_at` date NOT NULL,
  `max_usage` int(5) NOT NULL,
  `used_times` int(5) NOT NULL,
  `price_min` int(11) NOT NULL,
  `usage_restriction` varchar(50) NOT NULL,
  `user_id` int(10) NOT NULL
) ENGINE=InnoDB DEFAULT CHARSET=utf8mb4 COLLATE=utf8mb4_general_ci;

--
-- 傾印資料表的資料 `coupon`
--

INSERT INTO `coupon` (`coupon_id`, `coupon_name`, `coupon_code`, `coupon_valid`, `valid_description`, `discount_type`, `discount_value`, `start_at`, `expires_at`, `created_at`, `updated_at`, `max_usage`, `used_times`, `price_min`, `usage_restriction`, `user_id`) VALUES
(2, '春暖花開', 'fsdfaa', 0, '已刪除', '金額', '30', '2023-07-19', '2023-07-28', '2023-07-11', '2023-07-11', 10, 0, 100, '限定商店使用', 0),
(3, '現金折價卷', 'fsdfaa', 0, '已刪除', '金額', '30', '2023-07-19', '2023-08-24', '2023-07-11', '2023-07-16', 1, 0, 100, '資策會限定', 0),
(4, '買一送一卷', 'VKARK445a', -1, '已停用', '百分比', '50%', '2023-06-26', '2023-06-29', '2023-07-11', '2023-07-19', 3, 0, 100, '想望咖啡', 0),
(5, '外送免運卷', 'rjofkjo816', 1, '可使用', '金額', '50', '2023-07-20', '2023-07-27', '2023-07-11', '2023-07-19', 5, 0, 100, 'PR咖啡', 0),
(6, '外送免運卷', 'rjofkja816', 0, '已刪除', '金額', '30', '2023-07-19', '2023-07-27', '2023-07-11', '2023-07-11', 15, 0, 100, '炎炎夏日', 0),
(7, '外送免運卷', 'rjofkja816', 0, '已刪除', '金額', '3', '2023-07-21', '2023-07-27', '2023-07-11', '2023-07-19', 5, 0, 200, 'PR咖啡', 0),
(8, '春光佐茶', 'Ed875daA95', 1, '可使用', '百分比', '100%', '2023-07-19', '2023-07-28', '2023-07-11', '2023-07-19', 1, 0, 100, 'PR咖啡', 0),
(9, '春暖花開', 'EAFASF5412', -1, '已停用', '百分比', '99%', '2023-07-19', '2023-07-20', '2023-07-11', '2023-07-19', 1, 0, 200, '想望咖啡', 0),
(10, '春暖花開', 'KLPcoXwYSQ', 0, '已刪除', '金額', '200', '2023-07-18', '2023-08-03', '2023-07-12', '2023-07-19', 1, 0, 100, 'PR咖啡', 0),
(11, '外送好事多', 'UnNqaTu1oX', -1, '已停用', '金額', '10', '2023-07-19', '2023-08-03', '2023-07-16', '2023-07-16', 1, 0, 100, '春暖花開', 0),
(12, '週末逛大街', 'ziLHYA6dOM', -1, '已停用', '金額', '50', '2023-07-19', '2023-08-04', '2023-07-16', '2023-07-16', 1, 0, 100, '夏季大賞', 0),
(13, '週末喝咖啡', 'xJd5lik9Ta', 1, '可使用', '百分比', '2%', '2023-07-19', '2023-08-19', '2023-07-16', '2023-07-16', 1, 0, 100, '夏季大賞', 0),
(14, '週末下午茶', 'ntuAVo3wj8', -1, '已停用', '金額', '799', '2023-07-19', '2023-08-04', '2023-07-16', '2023-07-19', 1, 0, 10000, 'PR咖啡', 0),
(15, '週末逛大街', 'jsOsuTnnm7', 1, '可使用', '金額', '300', '2023-07-19', '2023-08-04', '2023-07-16', '2023-07-16', 1, 0, 100, '夏季大賞', 0),
(16, '外送好事多', 'KtiRPP3RVQ', 1, '可使用', '金額', '300', '2023-07-19', '2023-07-29', '2023-07-16', '2023-07-16', 1, 0, 100, '單筆消費滿10000', 0),
(17, '春暖花開', 'xAmJxhhjPx', 1, '可使用', '百分比', '2%', '2023-07-19', '2023-08-03', '2023-07-16', '2023-07-16', 1, 0, 100, '單筆消費滿10000', 0),
(18, '春暖花開', 'LI2FM5MBhU', -1, '已停用', '百分比', '2%', '2023-07-19', '2023-08-03', '2023-07-16', '2023-07-16', 4, 0, 100, '單筆消費滿10000', 0),
(19, '春暖花開', 'LI2FM5MBhU', 0, '已刪除', '百分比', '2%', '2023-07-19', '2023-08-03', '2023-07-16', '2023-07-16', 4, 0, 100, '單筆消費滿10000', 0),
(20, '週末逛大街', 'xg06hv9OAr', -1, '已停用', '金額', '100', '2023-07-19', '2023-08-03', '2023-07-16', '2023-07-16', 4, 0, 100, '單筆消費滿10000', 0),
(21, '陽光海灘', '2hvHh9RFQp', 1, '可使用', '金額', '200', '2023-07-01', '2023-07-20', '2023-07-19', '2023-07-19', 2, 0, 500, '薩圖爾精品咖啡', 0),
(22, '春暖花開', 'yyigUl7qPq', 1, '可使用', '金額', '300', '2023-07-19', '2023-08-05', '2023-07-19', '2023-07-19', 2, 0, 500, '黑浮咖啡', 0),
(23, '春暖花開', 'ID8rHaGfjW', 1, '可使用', '百分比', '2%', '2023-07-19', '2023-07-31', '2023-07-19', '2023-07-19', 1, 0, 100, 'PR咖啡', 0),
(24, '春暖花開', 'CY46ALIfDM', -1, '已停用', '百分比', '2%', '2023-07-20', '2023-08-05', '2023-07-19', '2023-07-19', 4, 0, 100, '奎克咖啡', 0),
(25, '春暖花開', 'Ly4WYG5xEV', 1, '可使用', '百分比', '5%', '2023-07-20', '2023-07-20', '2023-07-19', '2023-07-19', 4, 0, 500, '奎克咖啡', 0),
(26, '春暖花開', 'Pc29j2acwD', -1, '已停用', '百分比', '2%', '2023-07-12', '2023-07-15', '2023-07-19', '2023-07-19', 1, 0, 200, '薩圖爾精品咖啡', 0),
(27, '春暖花開', 'mknxQIzIz5', -1, '已停用', '百分比', '2%', '2023-07-12', '2023-07-15', '2023-07-19', '2023-07-19', 2, 0, 500, '黑浮咖啡', 0),
(28, '春暖花開', 'Zy65RvfDgE', -1, '已停用', '百分比', '2%', '2023-07-16', '2023-07-18', '2023-07-19', '2023-07-19', 1, 0, 200, '哈本咖啡 Happen Coffee', 0),
(29, '外送免運卷', 'cTq2xTFzha', -1, '已停用', '百分比', '2%', '2023-07-20', '2023-07-27', '2023-07-19', '2023-07-19', 1, 0, 500, 'JC咖啡', 0),
(30, '週末逛大街', 'WcHL2RGNF4', -1, '已停用', '百分比', '2%', '2023-06-25', '2023-06-30', '2023-07-19', '2023-07-19', 4, 0, 500, 'Simple Kaffa 興波咖啡', 0),
(31, '週末逛大街', 'faacnZqSAn', -1, '已停用', '金額', '100', '2023-07-02', '2023-07-06', '2023-07-19', '2023-07-19', 1, 0, 222, 'Simple Kaffa 興波咖啡', 0),
(32, '春暖花開', 'ovAs7ytNFV', -1, '已停用', '百分比', '2%', '2023-06-27', '2023-06-30', '2023-07-19', '2023-07-19', 5, 0, 500, 'Simple Kaffa 興波咖啡', 0),
(33, '春暖花開', 'Ap5BqLt7Im', -1, '已停用', '金額', '200', '2023-07-03', '2023-07-05', '2023-07-19', '2023-07-19', 2, 0, 500, 'CoFeel凱飛', 0),
(34, '週末下午茶', 't4CHneNeMF', -1, '已停用', '百分比', '5%', '2023-06-27', '2023-07-01', '2023-07-19', '2023-07-19', 4, 0, 200, 'Simple Kaffa 興波咖啡', 0);

-- --------------------------------------------------------

--
-- 資料表結構 `course`
--

CREATE TABLE `course` (
  `course_id` int(10) NOT NULL,
  `course_name` varchar(26) NOT NULL,
  `course_type_id` int(10) NOT NULL,
  `course_level_id` int(5) NOT NULL,
  `teacher_id` int(10) NOT NULL,
  `course_price` int(10) NOT NULL,
  `sign_start_date` date NOT NULL,
  `sign_end_date` date NOT NULL,
  `course_start_date` date NOT NULL,
  `course_end_date` date NOT NULL,
  `course_location_id` int(5) NOT NULL,
  `course_capacity` int(5) NOT NULL,
  `course_description` text NOT NULL,
  `course_image` varchar(50) NOT NULL,
  `course_created_at` datetime NOT NULL,
  `course_valid` tinyint(4) NOT NULL
) ENGINE=InnoDB DEFAULT CHARSET=utf8mb4 COLLATE=utf8mb4_general_ci;

--
-- 傾印資料表的資料 `course`
--

INSERT INTO `course` (`course_id`, `course_name`, `course_type_id`, `course_level_id`, `teacher_id`, `course_price`, `sign_start_date`, `sign_end_date`, `course_start_date`, `course_end_date`, `course_location_id`, `course_capacity`, `course_description`, `course_image`, `course_created_at`, `course_valid`) VALUES
(1, '咖啡拉花入門班', 1, 1, 1, 1000, '2023-07-01', '2023-07-13', '2023-07-15', '2023-07-16', 1, 10, '入門咖啡拉花班，開啟你的咖啡藝術之旅！\n\n渴望在咖啡的世界中展現獨特的風采嗎？想要掌握咖啡拉花的技巧，成為一位優秀的咖啡師傅嗎？現在就加入我們的入門咖啡拉花班，讓我們一起點亮你的咖啡之夢！\n\n無論你是想在咖啡店工作、開設咖啡店，或者僅僅是想深入了解咖啡的世界，咖啡拉花入門班將是你打開大門的鑰匙。趕快加入我們，開始你的咖啡藝術之旅吧！', 'latte_1_1.jpg', '2023-04-01 09:24:30', 2),
(2, '咖啡拉花入門班', 1, 1, 3, 1000, '2023-07-01', '2023-07-13', '2023-07-15', '2023-07-16', 3, 10, '入門咖啡拉花班，開啟你的咖啡藝術之旅！  渴望在咖啡的世界中展現獨特的風采嗎？想要掌握咖啡拉花的技巧，成為一位優秀的咖啡師傅嗎？現在就加入我們的入門咖啡拉花班，讓我們一起點亮你的咖啡之夢！  無論你是想在咖啡店工作、開設咖啡店，或者僅僅是想深入了解咖啡的世界，咖啡拉花入門班將是你打開大門的鑰匙。趕快加入我們，開始你的咖啡藝術之旅吧！', 'latte_1_1.jpg', '2023-04-01 09:24:30', 1),
(3, '咖啡拉花入門班', 1, 1, 2, 1000, '2023-07-08', '2023-07-20', '2023-07-22', '2023-07-23', 2, 10, '入門咖啡拉花班，開啟你的咖啡藝術之旅！\r\n\r\n渴望在咖啡的世界中展現獨特的風采嗎？想要掌握咖啡拉花的技巧，成為一位優秀的咖啡師傅嗎？現在就加入我們的入門咖啡拉花班，讓我們一起點亮你的咖啡之夢！\r\n\r\n無論你是想在咖啡店工作、開設咖啡店，或者僅僅是想深入了解咖啡的世界，咖啡拉花入門班將是你打開大門的鑰匙。趕快加入我們，開始你的咖啡藝術之旅吧！', 'latte_1_2.jpg', '2023-04-01 09:24:30', 1),
(4, '咖啡拉花入門班', 1, 1, 10, 1000, '2023-07-08', '2023-07-20', '2023-07-22', '2023-07-23', 4, 10, '入門咖啡拉花班，開啟你的咖啡藝術之旅！\n\n渴望在咖啡的世界中展現獨特的風采嗎？想要掌握咖啡拉花的技巧，成為一位優秀的咖啡師傅嗎？現在就加入我們的入門咖啡拉花班，讓我們一起點亮你的咖啡之夢！\n\n無論你是想在咖啡店工作、開設咖啡店，或者僅僅是想深入了解咖啡的世界，咖啡拉花入門班將是你打開大門的鑰匙。趕快加入我們，開始你的咖啡藝術之旅吧！', 'latte_1_3.jpg', '2023-04-01 09:24:30', 1),
(5, '咖啡拉花進階班', 1, 2, 1, 1500, '2023-07-14', '2023-07-27', '2023-07-29', '2023-07-30', 1, 10, '進階咖啡拉花班，提升你的咖啡藝術境界！\r\n\r\n尋求咖啡拉花技藝的進一步提升？渴望在咖啡藝術領域中展現卓越才華？現在就加入我們的精緻咖啡拉花進階課程，將你的咖啡技術提升到更高層次！', 'latte_2_1.jpg', '2023-04-04 09:24:30', 1),
(6, '咖啡拉花進階班', 1, 2, 2, 1500, '2023-07-14', '2023-07-27', '2023-07-29', '2023-07-30', 2, 10, '進階咖啡拉花班，提升你的咖啡藝術境界！\r\n\r\n尋求咖啡拉花技藝的進一步提升？渴望在咖啡藝術領域中展現卓越才華？現在就加入我們的精緻咖啡拉花進階課程，將你的咖啡技術提升到更高層次！', 'latte_2_2.jpg', '2023-04-04 09:24:30', 1),
(7, '咖啡拉花進階班', 1, 2, 3, 1500, '2023-07-14', '2023-07-27', '2023-07-29', '2023-07-30', 3, 10, '進階咖啡拉花班，提升你的咖啡藝術境界！\r\n\r\n尋求咖啡拉花技藝的進一步提升？渴望在咖啡藝術領域中展現卓越才華？現在就加入我們的精緻咖啡拉花進階課程，將你的咖啡技術提升到更高層次！', 'latte_2_3.jpg', '2023-04-04 09:24:30', 1),
(8, '咖啡拉花高階班', 1, 3, 1, 1500, '2023-07-14', '2023-08-03', '2023-08-05', '2023-08-06', 1, 10, '進階咖啡拉花班，提升你的咖啡藝術境界！\n\n尋求咖啡拉花技藝的進一步提升？渴望在咖啡藝術領域中展現卓越才華？現在就加入我們的精緻咖啡拉花進階課程，將你的咖啡技術提升到更高層次！', 'latte_3_1.jpg', '2023-04-06 09:24:30', 1),
(9, '咖啡拉花高階班', 1, 3, 2, 1500, '2023-07-14', '2023-08-03', '2023-08-05', '2023-08-06', 2, 10, '進階咖啡拉花班，提升你的咖啡藝術境界！\r\n\r\n尋求咖啡拉花技藝的進一步提升？渴望在咖啡藝術領域中展現卓越才華？現在就加入我們的精緻咖啡拉花進階課程，將你的咖啡技術提升到更高層次！', 'latte_3_2.jpg', '2023-04-06 09:24:30', 1),
(10, '咖啡拉花高階班', 1, 3, 3, 1500, '2023-07-14', '2023-08-03', '2023-08-05', '2023-08-06', 3, 10, '進階咖啡拉花班，提升你的咖啡藝術境界！\r\n\r\n尋求咖啡拉花技藝的進一步提升？渴望在咖啡藝術領域中展現卓越才華？現在就加入我們的精緻咖啡拉花進階課程，將你的咖啡技術提升到更高層次！', 'latte_3_3.jpg', '2023-04-06 09:24:30', 1),
(11, '咖啡手沖入門班', 2, 1, 4, 4000, '2023-07-01', '2023-07-13', '2023-07-15', '2023-07-16', 1, 10, '咖啡手沖入門班，啟迪你的手沖咖啡之旅！\r\n\r\n對於咖啡的風味和品質有極高要求嗎？想要親自體驗手沖咖啡的獨特魅力嗎？現在就加入我們的咖啡手沖入門班，開啟你的咖啡沖煮之旅！\r\n\r\n不論你是咖啡愛好者還是對咖啡店工作充滿熱情，我們的課程都能夠滿足你的需求。我們提供實際操作的機會，讓你在專業的環境中磨練手沖技巧，並獲得寶貴的實踐經驗。', 'pour_1_1.jpg', '2023-04-01 09:24:30', 2),
(12, '咖啡手沖入門班', 2, 1, 4, 4000, '2023-07-08', '2023-07-20', '2023-07-22', '2023-07-23', 1, 10, '咖啡手沖入門班，啟迪你的手沖咖啡之旅！\r\n\r\n對於咖啡的風味和品質有極高要求嗎？想要親自體驗手沖咖啡的獨特魅力嗎？現在就加入我們的咖啡手沖入門班，開啟你的咖啡沖煮之旅！\r\n\r\n不論你是咖啡愛好者還是對咖啡店工作充滿熱情，我們的課程都能夠滿足你的需求。我們提供實際操作的機會，讓你在專業的環境中磨練手沖技巧，並獲得寶貴的實踐經驗。', 'pour_1_1.jpg', '2023-04-01 09:24:30', 1),
(13, '咖啡手沖入門班', 2, 1, 5, 4000, '2023-07-08', '2023-07-20', '2023-07-22', '2023-07-23', 2, 10, '咖啡手沖入門班，啟迪你的手沖咖啡之旅！\r\n\r\n對於咖啡的風味和品質有極高要求嗎？想要親自體驗手沖咖啡的獨特魅力嗎？現在就加入我們的咖啡手沖入門班，開啟你的咖啡沖煮之旅！\r\n\r\n不論你是咖啡愛好者還是對咖啡店工作充滿熱情，我們的課程都能夠滿足你的需求。我們提供實際操作的機會，讓你在專業的環境中磨練手沖技巧，並獲得寶貴的實踐經驗。', 'pour_1_2.jpg', '2023-04-01 09:24:30', 1),
(14, '咖啡手沖入門班', 2, 1, 6, 1000, '2023-07-08', '2023-07-21', '2023-07-22', '2023-07-23', 3, 10, '咖啡手沖入門班，啟迪你的手沖咖啡之旅！\r\n\r\n對於咖啡的風味和品質有極高要求嗎？想要親自體驗手沖咖啡的獨特魅力嗎？現在就加入我們的咖啡手沖入門班，開啟你的咖啡沖煮之旅！\r\n\r\n不論你是咖啡愛好者還是對咖啡店工作充滿熱情，我們的課程都能夠滿足你的需求。我們提供實際操作的機會，讓你在專業的環境中磨練手沖技巧，並獲得寶貴的實踐經驗。', 'pour_1_3.jpg', '2023-04-01 09:24:30', 1),
(15, '咖啡手沖進階班', 2, 2, 4, 1500, '2023-07-14', '2023-07-28', '2023-07-29', '2023-07-30', 1, 10, '咖啡手沖進階班，探索咖啡的無限深度！\n\n你已經熟練掌握了基本的手沖咖啡技巧嗎？渴望進一步挑戰咖啡的藝術極限嗎？現在就加入我們的咖啡手沖進階班，開啟你咖啡沖煮的新境界！\n\n無論你是追求沖煮藝術的卓越完美，還是渴望在咖啡行業中取得更大成就，咖啡手沖進階班將為你實現這些理想打下堅實的基礎。立即加入我們，一同探索咖啡的無限深度！', 'pour_2_1.jpg', '2023-04-15 09:24:30', 1),
(16, '咖啡手沖進階班', 2, 2, 5, 1500, '2023-07-14', '2023-07-28', '2023-07-29', '2023-07-30', 2, 10, '咖啡手沖進階班，探索咖啡的無限深度！\r\n\r\n你已經熟練掌握了基本的手沖咖啡技巧嗎？渴望進一步挑戰咖啡的藝術極限嗎？現在就加入我們的咖啡手沖進階班，開啟你咖啡沖煮的新境界！\r\n\r\n無論你是追求沖煮藝術的卓越完美，還是渴望在咖啡行業中取得更大成就，咖啡手沖進階班將為你實現這些理想打下堅實的基礎。立即加入我們，一同探索咖啡的無限深度！', 'pour_2_2.jpg', '2023-04-15 09:24:30', 1),
(17, '咖啡手沖進階班', 2, 2, 6, 1500, '2023-07-14', '2023-07-28', '2023-07-29', '2023-07-30', 3, 10, '咖啡手沖進階班，探索咖啡的無限深度！\r\n\r\n你已經熟練掌握了基本的手沖咖啡技巧嗎？渴望進一步挑戰咖啡的藝術極限嗎？現在就加入我們的咖啡手沖進階班，開啟你咖啡沖煮的新境界！\r\n\r\n無論你是追求沖煮藝術的卓越完美，還是渴望在咖啡行業中取得更大成就，咖啡手沖進階班將為你實現這些理想打下堅實的基礎。立即加入我們，一同探索咖啡的無限深度！', 'pour_2_3.jpg', '2023-04-15 09:24:30', 1),
(18, '咖啡手沖高階班', 2, 3, 4, 5000, '2023-07-14', '2023-08-03', '2023-08-05', '2023-08-06', 1, 10, '咖啡手沖高階班，超越極致的咖啡沖煮之境！\n\n你已經掌握了手沖咖啡的精髓技巧嗎？追求在咖啡藝術的巔峰超越自我嗎？現在就加入我們的咖啡手沖高階班，啟迪你對咖啡沖煮的極致探索！', 'pour_3_1.jpg', '2023-04-15 09:24:30', 1),
(19, '咖啡手沖高階班', 2, 3, 5, 5000, '2023-07-14', '2023-08-03', '2023-08-05', '2023-08-06', 2, 10, '咖啡手沖高階班，超越極致的咖啡沖煮之境！\n\n你已經掌握了手沖咖啡的精髓技巧嗎？追求在咖啡藝術的巔峰超越自我嗎？現在就加入我們的咖啡手沖高階班，啟迪你對咖啡沖煮的極致探索！', 'pour_3_2.jpg', '2023-04-15 09:24:30', 1),
(20, '咖啡手沖高階班', 2, 3, 6, 5000, '2023-07-14', '2023-08-03', '2023-08-05', '2023-08-06', 3, 10, '咖啡手沖高階班，超越極致的咖啡沖煮之境！\n\n你已經掌握了手沖咖啡的精髓技巧嗎？追求在咖啡藝術的巔峰超越自我嗎？現在就加入我們的咖啡手沖高階班，啟迪你對咖啡沖煮的極致探索！', 'pour_3_3.jpg', '2023-04-15 09:24:30', 1),
(21, '咖啡感官入門班', 5, 1, 7, 1000, '2023-07-12', '2023-07-19', '2023-07-20', '2023-07-21', 1, 10, '一起來參加咖啡感官入門班課程吧！', '', '2023-07-13 12:39:43', 1),
(23, '咖啡綜合入門班', 6, 1, 6, 2000, '2023-07-14', '2023-07-28', '2023-07-29', '2023-07-30', 1, 10, '一起來參加咖啡綜合入門班吧！', '', '2023-07-14 13:12:07', 2);

-- --------------------------------------------------------

--
-- 資料表結構 `course_level`
--

CREATE TABLE `course_level` (
  `course_level_id` int(5) NOT NULL,
  `course_level_name` varchar(25) NOT NULL
) ENGINE=InnoDB DEFAULT CHARSET=utf8mb4 COLLATE=utf8mb4_general_ci;

--
-- 傾印資料表的資料 `course_level`
--

INSERT INTO `course_level` (`course_level_id`, `course_level_name`) VALUES
(1, '入門'),
(2, '進階'),
(3, '高階'),
(4, '證照');

-- --------------------------------------------------------

--
-- 資料表結構 `course_location`
--

CREATE TABLE `course_location` (
  `course_location_id` int(5) NOT NULL,
  `course_location_name` varchar(25) NOT NULL
) ENGINE=InnoDB DEFAULT CHARSET=utf8mb4 COLLATE=utf8mb4_general_ci;

--
-- 傾印資料表的資料 `course_location`
--

INSERT INTO `course_location` (`course_location_id`, `course_location_name`) VALUES
(1, '北部'),
(2, '中部'),
(3, '南部'),
(4, '線上');

-- --------------------------------------------------------

--
-- 資料表結構 `course_type`
--

CREATE TABLE `course_type` (
  `course_type_id` int(5) NOT NULL,
  `course_type_name` varchar(25) NOT NULL
) ENGINE=InnoDB DEFAULT CHARSET=utf8mb4 COLLATE=utf8mb4_general_ci;

--
-- 傾印資料表的資料 `course_type`
--

INSERT INTO `course_type` (`course_type_id`, `course_type_name`) VALUES
(1, '拉花'),
(2, '手沖'),
(3, '烘焙'),
(4, '萃取'),
(5, '感官'),
(6, '綜合');

-- --------------------------------------------------------

--
-- 資料表結構 `news`
--

CREATE TABLE `news` (
  `news_id` int(11) NOT NULL,
  `news_title` varchar(100) NOT NULL,
  `news_content` varchar(10000) NOT NULL,
  `created_at` date NOT NULL,
  `category_id` int(11) NOT NULL,
  `news_image` varchar(59) NOT NULL,
  `views` int(11) NOT NULL
) ENGINE=InnoDB DEFAULT CHARSET=utf8mb4 COLLATE=utf8mb4_general_ci;

--
-- 傾印資料表的資料 `news`
--

INSERT INTO `news` (`news_id`, `news_title`, `news_content`, `created_at`, `category_id`, `news_image`, `views`) VALUES
(1, '新上市｜台灣精品 濾掛咖啡', '🎉 濾掛咖啡的特點：這款台灣精品濾掛咖啡有什麼特點呢？首先，濾掛咖啡是一種便捷的沖泡方式，適合忙碌的生活方式。您只需將濾掛袋懸掛在杯子上，倒入熱水，等待片刻，就能品嚐到美味的咖啡。這款精品咖啡特別之處在於它的來源和風味。\n\n🌳 台灣的咖啡風味：台灣不僅以茶葉而聞名，也在咖啡生產方面有著卓越的表現。這款濾掛咖啡精選自台灣的咖啡豆，這些豆子在高山環境中種植，受益於豐富的土壤和氣候，因此味道獨特。它通常帶有柔和的果香🍇和堅果🌰的風味，是許多咖啡愛好者喜愛的口味。\n\n🤔 為什麼選擇濾掛咖啡：濾掛咖啡之所以受歡迎，是因為它方便快捷，無需咖啡機或其他設備，適合上班族或旅行者。同時，它也提供了一種細緻的沖泡體驗，讓人能夠更深入地品味咖啡的風味。這款台灣精品濾掛咖啡不僅帶來美味，還帶來台灣的獨特風味。\n\n☕ 如何品嚐濾掛咖啡：要品嚐這款咖啡，只需取出一個濾掛袋，將其懸掛在杯子上，然後倒入約200毫升的熱水。等待約3-4分鐘，咖啡會充分沖泡，您可以根據口味加入糖🍬和奶🥛，或者喜歡原味的話也可以單獨享用。請不要急於喝，慢慢品味其中的風味，享受這獨特的咖啡體驗。\n\n如果您對這款新上市的台灣精品濾掛咖啡有更多問題或需要購買，請隨時向我詢問。我們將樂意提供更多資訊和協助。🛍️\n', '2023-01-01', 2, 'news-images/1.webp', 20),
(2, '【瓜地馬拉咖啡之旅】', '🌟 活動名稱：瓜地馬拉咖啡之旅\n\n🌎 活動背景：瓜地馬拉擁有多種自然環境，包括熱帶雨林、火山地質、高原縱谷以及多變的微型氣候，這些特點培育出豐富多元的生態調性，同時也造就了高品質的咖啡。\n\n☕ 咖啡品種和風味：\n\n◇ 瓜地馬拉 安堤瓜(GUATEMALA ANTIGUA)\n\n烘焙程度：淺中烘焙\n處理法：水洗法\n風味特點：帶有無花果、香吉士和蔗糖的風味\n◇ 瓜地馬拉 新東方(GUATEMALA NEW ORIENTE)\n\n烘焙程度：淺中烘焙\n處理法：水洗法\n風味特點：具有杏桃、蜂蜜和紅茶的風味\n◇ 瓜地馬拉 法漢尼斯(GUATEMALA FRAIJANES)\n\n烘焙程度：中烘焙\n處理法：水洗法\n風味特點：帶有堅果、可可和紅糖的風味\n◇ 瓜地馬拉 SHB(GUATEMALA SHB)\n\n烘焙程度：中深烘焙\n處理法：水洗法\n風味特點：具有烤堅果、巧克力和焦糖的風味\n📅 活動期限：即日起至2023年10月31日\n\n🎁 優惠：\n\n第一項優惠：瓜地馬拉精品咖啡豆第二件半價。\n第二項優惠：每週三，瓜地馬拉精品手沖咖啡，享體驗價130元 (原價150元/杯)。\n這次的活動旨在讓你透過嚐試不同風味的瓜地馬拉精品咖啡，感受這個國家豐富多元的咖啡文化。如果你對這個活動有任何問題，或想要購買咖啡，請隨時向我詢問，我將樂意提供更多資訊和協助。享受你的咖啡之旅！ ☕🌄🎉', '2023-01-04', 1, 'news-images/2.webp', 32),
(3, '濾掛式咖啡-黃金印象', '🌟 濾掛式咖啡 - 黃金印象 🌟\n\n📜 產品介紹：\n濾掛式咖啡-黃金印象，是一種讓你輕鬆品味美味咖啡的方式。不需煩惱磨豆、沖泡設備，只需一個濾掛袋，即可輕鬆沖泡出濃郁的咖啡風味。\n\n☕ 咖啡風味特點：\n這款咖啡帶有黃金印象的風味，經過精心挑選的咖啡豆，展現了獨特的特色。它擁有柔和的香氣和濃郁的口感，帶有堅果的風味，猶如品味黃金的珍貴體驗。\n\n🕒 沖泡步驟：\n\n取出濾掛袋，將它懸掛在杯子上。\n倒入約200毫升的熱水。\n等待約3-4分鐘，讓咖啡充分沖泡。\n根據口味加入糖🍬和奶🥛，或享受原味的美味。\n🌄 品味黃金時刻：\n無論是在早晨的陽光中，下午的閱讀時光，還是晚上的寧靜時刻，濾掛式咖啡-黃金印象，都是伴你度過美好時光的完美選擇。\n\n🎁 特別優惠：\n現在購買濾掛式咖啡-黃金印象，即可享受精選商品的特別優惠。讓這份黃金的味道充滿你的生活！\n\n如果您對這款咖啡有更多問題或需要購買，請隨時向我詢問。我們將樂意提供更多資訊和協助。 ☕🌞📦', '2023-01-10', 1, 'news-images/3.jpg', 6),
(4, '頂級行家系列_新產品上市', '我們很高興宣布，我們的頂級行家系列全新產品即將上市！這個系列是我們精心打造的，專為滿足您的高需求和高標準而設計的。無論您是專業行家還是對品質有苛刻要求的消費者，我們的新產品都能滿足您的期望。\r\n\r\n我們的頂級行家系列一直以來都以卓越的品質和創新性而聞名，並且在市場上贏得了廣泛的讚譽。現在，我們帶來了更多令人驚喜的新產品，以滿足不斷變化的需求。\r\n\r\n這些新產品的亮點包括：\r\n\r\n卓越的性能：我們的頂級行家系列一向以其卓越的性能而自豪，新產品不例外。無論您需要處理複雜的任務還是享受高效能的產品，我們都能提供。\r\n\r\n創新的科技：我們不斷投資於最新的科技，以確保我們的產品始終處於技術的前沿。您將體驗到最新的創新，使您的工作更輕鬆。\r\n\r\n精緻的設計：我們的新產品不僅在性能上優越，還注重設計細節。我們相信美麗的外觀應該與出色的功能相結合。\r\n\r\n多功能性：無論您是尋找筆記本電腦、智能手機、還是其他設備，我們的頂級行家系列都能滿足您多樣化的需求。\r\n\r\n我們期待在不久的將來與您分享更多關於這些令人興奮的新產品的信息。請保持關注，您將有機會成為首批體驗我們頂級行家系列新產品的幸運者！', '2023-01-18', 2, 'news-images/4.jpg', 8),
(5, '【藝妓濾掛-團圓好禮】', '🎁藝妓濾掛-團圓好禮\n\n活動日期：2023年10月1日至10月7日\n\n活動內容：\n\n1. 購買任何藝妓濾掛產品，即可獲得一個精美的禮物盒。\n   禮物盒內包括一個精美的茶杯和一包特選茶葉。\n\n2. 滿$1000消費，即可享受額外10%的折扣。\n\n3. 購買任何濾掛，即可參加抽獎，有機會贏取價值$500的禮品卡。\n\n4. 分享活動到社交媒體，並標記我們，即可獲得一次額外的抽獎機會。\n\n活動規則：\n\n- 活動期間內均適用。\n- 禮物盒數量有限，送完為止。\n- 折扣自動應用於結帳時。\n- 抽獎結果將於活動結束後公佈。\n\n別錯過這個難得的機會，來藝妓濾掛參加我們的「團圓好禮」促銷活動，品味優質的茶葉，並獲得驚喜禮物！🍵🎉\n', '2023-01-25', 1, 'news-images/5.webp', 5),
(6, '咖啡知識｜咖啡豆種類', '咖啡知識是一門很深的學問，從咖啡品種、處理法、烘焙程度到沖煮方法，都有很多技術成分，每一個步驟都會影響咖啡的風味，對咖啡入門的人來說，該從哪裡開始了解咖啡知識？本文為你整理了咖啡入門問題，幫助你找到適合自己的好咖啡。\n\n咖啡豆種類有哪些？認識咖啡品種、5大產地及保存方法\n\n咖啡豆是一杯咖啡中最重要的元素，不同的咖啡品種、產地會直接影響咖啡的風味，接下來為你介紹咖啡主要的2個品種、5大產地及咖啡豆保存方法。\n\n咖啡品種｜阿拉比卡和羅布斯塔有什麼差別？\n\n世界上的咖啡品種很多，但大量用於商業用途的主要有阿拉比卡和羅布斯塔兩種：\n\n咖啡品種	阿拉比卡咖啡豆	羅布斯塔咖啡豆\n種植地區	海拔較高	海拔較低\n豆子外型	較長、較扁，中央線為S形	豆體較圓，中央線比較直\n咖啡因	咖啡因含量較低	咖啡因含量較高\n\n咖啡豆6大產地，如何找到適合自己的咖啡風味？\n\n咖啡豆的產地主要來自非洲、南美洲及亞洲地區，非洲產出的咖啡豆大多帶有水果酸味及香氣；南美洲整體平衡感佳，口感明亮清爽；亞洲則是酸度低並帶有香料風味，建議根據個人喜好選擇合適的咖啡豆，以下為你介紹世界6大咖啡產地作為參考：\n\n巴西：比起其他中南美洲的咖啡豆，巴西咖啡豆的種植海拔相對較低，因此風味也比較獨特，酸度低並帶有巧克力及堅果的香氣，酸苦平衡佳且風味醇厚。\n越南：越南是咖啡輸出的主要國家之一，主要盛產羅布斯塔咖啡豆，咖啡風味相對苦澀，通常會加入煉乳飲用，屬於越南咖啡的特殊喝法。\n印尼：印尼咖啡具有獨特的木質香氣，風味醇厚、酸味明亮，常見的曼特寧、黃金曼特寧是印尼咖啡的代表作。\n哥倫比亞：水果香氣濃郁、咖啡酸度高並帶有清香是哥倫比亞咖啡豆的特色，有些甚至帶有堅果的香氣，堆疊出多層次的口感，喝起來香醇順口。\n印度：印度咖啡最著名的是風漬處理法製成的咖啡豆，咖啡酸味低、缺少層次感，但風味濃郁，獨特的風味使其獲得兩極的評價。\n衣索比亞：衣索比亞咖啡在精品咖啡界擁有一定的地位，常見的耶加雪菲就是衣索比亞咖啡的代表之一，酸質明亮、花香濃郁以及餘韻飽滿綿長的特色，是很多咖啡愛好者的首選。\n\n咖啡豆保存方法，如何維持咖啡新鮮的風味？\n\n想要完整保存咖啡的風味，首先要了解：「咖啡豆的風味成分揮發性高，屬於生鮮食材，不是乾貨」，建議在購買後一個月內使用完畢，如果想要延長保存的時間，可以利用低溫及高壓保存兩種方法，存放於 -18℃以下的溫度環境，或是在容器裡打進高壓氮氣。\n', '2021-10-06', 3, 'news-images/6.jpg', 2100),
(7, '咖啡豆處理法｜日曬、水洗及蜜處理是什麼？', '🌱 咖啡豆在烘焙成熟豆之前，要先經過生豆處理的程序，不同的處理法會產生不同的咖啡風味，常見的處理法有日曬☀️、水洗💧及蜜處理🍯 3 種：\n\n1. 日曬處理法\n   日曬處理法是最傳統的咖啡豆處理法，將採收後的咖啡漿果均勻撒在地上，讓陽光☀️將果肉的水分曬乾，然後剝除曬乾的外果皮，即可取得生豆。日曬處理法的咖啡豆層次豐富，風味及口感醇厚，有些甚至帶著淡淡的酒香🍷，這幾年深受精品咖啡圈的青睞。\n\n2. 水洗處理法\n   採收漿果後倒入流動的水💧中，利用滲透壓使漿果脹破，再用刷子將果肉刷除，最後透過機器將咖啡豆烘乾來取得生豆。水洗處理法的優勢是品質穩定、顏色均勻，除了賣相佳之外，風味均衡優雅也獲得很多咖啡愛好者的喜愛。\n\n3. 蜜處理\n   蜜處理十分耗時且工法講究，採收之後必須先篩選成熟的咖啡漿果，剝除外圍的果肉並保留果膠層，再進行曝曬的動作，且曝曬的時間也要拿捏好才不會變成發霉豆。蜜處理的咖啡豆酸味與甜味表現均衡，香氣十足且風味濃厚，是近期非常熱門的咖啡處理法。\n', '2022-09-07', 3, 'news-images/7.jpg', 899),
(8, '台北曼波 | 深烘焙', '當然，這是有關台北曼波深烘焙咖啡的促銷內容，並加入了一些符號以增添視覺效果：\r\n\r\n🌟✨​1​】 現正促銷中！✨🌟\r\n\r\n☕ 享受深烘焙咖啡的濃郁風味 ☕\r\n\r\n🔥 咖啡愛好者的最愛 🔥\r\n\r\n台北曼波深烘焙咖啡帶給您一場口感盛宴！濃郁、豐富、烘焙風味滿溢，這就是真正的咖啡之旅。\r\n\r\n🌄 源自台灣的精選咖啡豆 🌄\r\n\r\n我們的咖啡豆來自台灣咖啡帶的高山地區，受益於豐富的土壤和優越的氣候，經過精心挑選和烘焙，呈現出獨特的風味。\r\n\r\n👌 深烘焙的醇厚口感 👌\r\n\r\n我們的深烘焙咖啡具有濃郁的口感，帶有堅果、巧克力和焦糖的風味，絕對是咖啡愛好者的首選。\r\n\r\n🛒 現在購買，享受限時優惠！🛒\r\n\r\n不要錯過這個機會，現在購買台北曼波深烘焙咖啡，即可獲得特別優惠。數量有限，快來品嚐台灣咖啡的獨特風味吧！\r\n\r\n🕒 優惠期限：即日起至2023/10/31 🕒\r\n\r\n👉 優惠詳情和購買方式，請聯繫我們。我們期待為您提供最優質的深烘焙咖啡體驗！ ☕✨', '2023-10-04', 1, 'news-images/8.jpg', 70),
(9, '經典v.21 | 中深烘焙', '☕​1​：品味經典的深烘焙風味！☕\r\n\r\n經典v.21 咖啡帶來一場風味的旅程，這是中深烘焙的極致表現。每一杯都是滿滿的熱情和品味。\r\n\r\n🌄 源自精選咖啡豆 🌄\r\n\r\n我們精心挑選來自咖啡帶的優質咖啡豆，並以經典的中深烘焙方式呈現。這些豆子在高山地區種植，風味獨特，帶有堅果和巧克力的風味。\r\n\r\n🔥 濃郁醇厚的口感 🔥\r\n\r\n經典v.21 咖啡具有深烘焙的特點，帶來濃郁的口感和豐富的風味。每一口都充滿了咖啡的力量和深度。\r\n\r\n🛒 現在購買，品味經典！🛒\r\n\r\n不要錯過這個機會，立即購買經典v.21 中深烘焙咖啡，享受濃郁的咖啡風味。我們期待為您帶來一杯令人難以忘懷的咖啡體驗。\r\n\r\n🕒 優惠期限：即日起至2023/10/31 🕒\r\n\r\n👉 優惠詳情和訂購方式，請聯繫我們。讓我們一同品味經典的咖啡之美！ ☕✨', '2023-08-01', 2, 'news-images/9.jpg', 50),
(10, '台灣精品 濾掛咖啡 |  日曬 密處理', '🌞 台灣精品濾掛咖啡 - 日曬密處理 🌞\r\n\r\n我們自豪地呈獻台灣的極致咖啡體驗，這款濾掛咖啡是經過特殊的處理方法，結合日曬和密處理技術，為您帶來獨特的風味和口感。\r\n\r\n🌱 日曬處理法 🌞\r\n\r\n我們的咖啡豆首先經過日曬處理，這意味著它們在陽光下曬乾，保留了豐富的自然風味。這種處理方式賦予咖啡柔和的果香和溫暖的風味，如夏日陽光的擁抱。\r\n\r\n🔒 密處理技術 🔐\r\n\r\n接著，我們使用密處理技術，這是一個講究細節的過程，確保咖啡豆的品質和風味不受外界影響。密處理加強了咖啡的香氣和口感，為您呈現出一杯濃郁而平衡的咖啡。\r\n\r\n☕ 品味獨特的台灣風味 ☕\r\n\r\n這款濾掛咖啡捕捉到台灣豐富的土地和氣候的精髓，呈現出獨特的風味。您可以期待品味到柔和的果香、堅果的香氣，以及一種別具特色的咖啡體驗。\r\n\r\n🛒 立即購買，品味台灣之美 🛒\r\n\r\n現在就選擇我們的台灣精品濾掛咖啡，讓台灣的風味在您的杯中綻放。不要錯過這個機會，優惠有限！\r\n\r\n🕒 優惠期限：即日起至2023/10/31 🕒\r\n\r\n👉 如欲了解更多資訊或購買方式，請隨時聯絡我們。我們期待為您提供獨特的濾掛咖啡體驗！ ☕✨', '2023-07-11', 2, 'news-images/10.jpg', 30),
(11, '咖啡知識：咖啡生豆的分級', '🌱 咖啡生豆的分級 🌱  咖啡生豆的分級方式有多種，如海拔高度、硬度、大小等。各國因其不同的特點和風情，設定了各自的分級系統。儘管有些國家的等級名稱相似，但實際定義方式可能有所不同。  肯亞咖啡豆分級：大小和形狀 肯亞的咖啡豆分成七個等級，由高到低分別是：E、AA、AB、PB、C、TT、T。其中，E和AA通常代表較大和較完美的豆子，而TT和T等級通常是一些有缺損或破裂的瑕疵豆，較不會在市面上流通。  此外，肯亞的生豆還會加上TOP、Plus、FAQ等分級字樣，代表品質和瑕疵程度。FAQ代表「Fair Average Quality」（一般等級），而特別挑選的批次則會標記為「Specialty」，但這些不屬於官方的分級制度範圍。  衣索比亞和印尼咖啡豆分級：瑕疵率 衣索比亞和印尼使用「每300克咖啡生豆所能允許的瑕疵豆數量」為基準進行分級。等級名稱包括G1到G5（印尼還有G6）。儘管等級名稱相同，但印尼的篩選標準較寬鬆，允許較多的瑕疵豆存在。  此外，衣索比亞的分級制度還包括Z等級，代表無瑕疵豆，以及UG等級，代表瑕疵數量大於90。由於達到0瑕疵的機會極低，Z等級幾乎在市場上找不到。UG等級因瑕疵數量過多，在衣索比亞不允許銷售。  哥倫比亞咖啡豆分級 哥倫比亞的咖啡分為商業豆和精品豆兩種方式。商業豆根據大小分為Supremo、Excelso和Extra三個等級。精品豆則根據每500克咖啡豆中的瑕疵數量分為Grade AA、Grade A和Special Grade三個等級。  其他國家的咖啡豆分級 許多中南美洲國家根據咖啡豆種植的海拔高度來進行分級。由於高海拔的種植環境使咖啡豆生長緩慢，因此風味更豐富，硬度也較高。不過，由於每個國家的山區高度不同，因此各等級的高度基準也有所不同。  巴西咖啡豆分級：多種分級制 巴西的咖啡豆產量大，品質不一。因此，巴西的分級制度相對複雜。除了考慮瑕疵率外，還考慮杯測的方式，不同的等級有不同的杯測結果。等級包括Strictly Soft、Soft、Softish、Hard、Riada (Hardish)、Rio和Rio Zona等七種等級，以及Fine Cup (FC)、Fine、Good Cup、Fair Cup、Poor Cup和Bad Cup等六種等級。  因此，巴西的咖啡豆包裝上如果標有例如\"SS FC\"等字樣，表示這是極順口的高品質咖啡！', '2023-10-01', 3, 'news-images/11.jpg', 0),
(12, '咖啡知識：精品咖啡的定義', '精品咖啡這個詞源於1978年的一場國際咖啡會議演講，基本概念是「在特殊的地理氣候中生產具有獨特風味的咖啡豆，在新鮮烘焙及適當沖煮的前提下創造出有特殊風味的咖啡」。廣義的說，精品咖啡的定義為「從咖啡樹到成為杯中物，這漫長旅程中符合各個環節試煉的咖啡」。\n\n美國精品咖啡協會（Specialty Coffee Association of America, SCAA）為精品咖啡制定了一套標準，以幫助評估咖啡豆的品質，並找出中途不當操作引起的缺陷。以下是這些標準的一些要點：\n\n水分含量（moisture content）： 乾燥後的咖啡豆應保持在10% – 12%的水分含量範圍內。\n\n咖啡豆大小（bean size）： 咖啡豆的大小通常是用圓孔篩網測量的，咖啡豆的大小與合約規定的尺寸差異應小於正負5%。\n\n烘焙均勻度（roast uniformity）： 隨機抽樣100克的咖啡豆，不應包含有破損的豆子。\n\n分級（grading）： 如果一顆咖啡豆中有兩處缺陷，則在分級時以影響較大的缺陷為主。\n\n風味特色（flavor characteristics）： 使用專業的杯測方法來評估精品咖啡的品質。SCAA的評鑑指標包括咖啡的乾／濕香氣（fragrance/aroma）、風味（Flavor）、酸質（Acidity）、醇厚度（Body）、餘韻（Aftertaste）。同時，優質的精品咖啡不應有臭味（odor）、缺陷（fault）或瑕疵（taint）。', '2023-10-02', 3, 'news-images/12.jpg', 0),
(13, '慾望之翼 | 淺烘焙', '🌟 慾望之翼 淺烘焙 🌱\r\n\r\n烘焙程度： ☕ 淺烘焙表示咖啡豆經過較短的烘焙時間，通常在中等或較低的溫度下。這種烘焙方法讓咖啡豆保持了較多的酸度和原始風味。\r\n\r\n風味特點： 🍊 淺烘焙的「慾望之翼」咖啡可能具有明亮的酸度，讓您能夠品嘗到各種水果、花草或坚果的風味。它可能帶有柑橘、莓果或花香的香氣和味道。\r\n\r\n口感： 😌 由於淺烘焙的咖啡豆較少經過高溫烘焙，因此它們可能具有較輕的口感和較多的清新感。咖啡的酸度通常更為突出。\r\n\r\n適合的沖煮方式： ☕🫖 這種咖啡通常適合以手沖、濾掛式或咖啡壺等較為輕柔的沖煮方式，以突出其風味特點。\r\n\r\n建議品嚐： 🍹 如果您喜歡帶有水果或花香的咖啡，「慾望之翼」淺烘焙咖啡可能是一個令人愉悅的選擇。請以慢慢品嘗的方式，享受這款獨特風味的咖啡。\r\n', '2023-08-08', 2, 'news-images/13.jpg', 0);

-- --------------------------------------------------------

--
-- 資料表結構 `orders`
--

CREATE TABLE `orders` (
  `order_id` int(11) NOT NULL,
  `order_products` varchar(300) NOT NULL,
  `order_amount` varchar(50) NOT NULL,
  `order_price` int(10) NOT NULL,
  `order_user` varchar(30) NOT NULL,
  `order_created_at` datetime NOT NULL,
  `order_state` int(10) NOT NULL
) ENGINE=InnoDB DEFAULT CHARSET=utf8mb4 COLLATE=utf8mb4_general_ci;

--
-- 傾印資料表的資料 `orders`
--

INSERT INTO `orders` (`order_id`, `order_products`, `order_amount`, `order_price`, `order_user`, `order_created_at`, `order_state`) VALUES
(1, '拉斯布魯哈斯 瑰夏水洗 2022 COFFEE HUNTERS ,\r\n聖米格爾農園 自然處理 (San Miguel Natural),\r\n伊凡的回憶(Recuerdo de Ivan),', '1,2,3', 3000, 'John Doe', '2023-07-15 11:27:54', 2),
(2, '拉斯布魯哈斯 瑰夏水洗 2022 COFFEE HUNTERS ,\r\n聖米格爾農園 自然處理 (San Miguel Natural),\r\n伊凡的回憶(Recuerdo de Ivan),', '1,2,3', 3000, 'Jane Smith', '2023-07-15 11:27:54', 2),
(3, '拉斯布魯哈斯 瑰夏水洗 2022 COFFEE HUNTERS ,\r\n聖米格爾農園 自然處理 (San Miguel Natural),\r\n伊凡的回憶(Recuerdo de Ivan),', '1,2,3', 3000, 'David Johnson', '2023-07-15 11:27:54', 3),
(4, '拉斯布魯哈斯 瑰夏水洗 2022 COFFEE HUNTERS ,\r\n聖米格爾農園 自然處理 (San Miguel Natural),\r\n伊凡的回憶(Recuerdo de Ivan),', '1,2,3', 3000, 'Sarah Williams', '2023-07-15 11:27:54', 4),
(5, '拉斯布魯哈斯 瑰夏水洗 2022 COFFEE HUNTERS ,\r\n聖米格爾農園 自然處理 (San Miguel Natural),\r\n伊凡的回憶(Recuerdo de Ivan),', '1,2,3', 3000, 'Michael Brown', '2023-07-15 11:27:54', 0),
(6, '拉斯布魯哈斯 瑰夏水洗 2022 COFFEE HUNTERS ,\r\n聖米格爾農園 自然處理 (San Miguel Natural),\r\n伊凡的回憶(Recuerdo de Ivan),', '1,2,3', 3000, 'Emily Davis', '2023-07-15 11:27:54', -1);

-- --------------------------------------------------------

--
-- 資料表結構 `order_states`
--

CREATE TABLE `order_states` (
  `states_id` int(11) NOT NULL,
  `states_valid` tinyint(4) NOT NULL,
  `states` varchar(10) NOT NULL
) ENGINE=InnoDB DEFAULT CHARSET=utf8mb4 COLLATE=utf8mb4_general_ci;

--
-- 傾印資料表的資料 `order_states`
--

INSERT INTO `order_states` (`states_id`, `states_valid`, `states`) VALUES
(1, -1, '訂單完成'),
(2, 0, '訂單取消'),
(3, 1, '下訂完成'),
(4, 2, '訂單確認'),
(5, 3, '整貨中'),
(6, 4, '已出貨');

-- --------------------------------------------------------

--
-- 資料表結構 `otp`
--

CREATE TABLE `otp` (
  `id` int(11) UNSIGNED NOT NULL,
  `user_id` int(11) DEFAULT NULL,
  `email` varchar(200) DEFAULT NULL,
  `token` int(200) DEFAULT NULL,
  `exp_timestamp` bigint(20) DEFAULT NULL
) ENGINE=InnoDB DEFAULT CHARSET=utf8mb4 COLLATE=utf8mb4_general_ci;

--
-- 傾印資料表的資料 `otp`
--

INSERT INTO `otp` (`id`, `user_id`, `email`, `token`, `exp_timestamp`) VALUES
(1, 3, 'kayinortin@hotmail.com', 101680, 1695580715584),
(2, 3, 'kayinortin@hotmail.com', 668619, 1695581161613),
(4, 3, 'kayinortin@hotmail.com', 742980, 1695581767384),
(5, 3, 'kayinortin@hotmail.com', 369321, 1695581807130),
(6, 3, 'kayinortin@hotmail.com', 807361, 1695582168912),
(7, 3, 'kayinortin@hotmail.com', 868751, 1695582198044),
(8, 3, 'kayinortin@hotmail.com', 858946, 1695582273317),
(9, 3, 'kayinortin@hotmail.com', 570746, 1695582407774),
(10, 3, 'kayinortin@hotmail.com', 334055, 1695582579811),
(11, 3, 'kayinortin@hotmail.com', 522109, 1695582615142),
(14, 3, 'kayinortin@hotmail.com', 826063, 1696186035660),
(15, 3, 'kayinortin@hotmail.com', 826063, 1696186037102),
(16, 3, 'kayinortin@hotmail.com', 454804, 1696370199705),
(17, 3, 'kayinortin@hotmail.com', 716068, 1696405954741);

-- --------------------------------------------------------

--
-- 資料表結構 `product`
--

CREATE TABLE `product` (
  `id` int(4) NOT NULL,
  `name` varchar(50) NOT NULL,
  `image` longtext CHARACTER SET utf8mb4 COLLATE utf8mb4_bin NOT NULL CHECK (json_valid(`image`)),
  `image_main` varchar(255) NOT NULL,
  `brand` varchar(20) NOT NULL,
  `amount` int(10) NOT NULL,
  `price` int(10) NOT NULL,
  `discountPrice` int(11) NOT NULL,
  `description` text NOT NULL,
  `product_category` int(5) NOT NULL,
  `popularity` int(11) NOT NULL,
  `views` int(11) NOT NULL,
  `dateAdded` date NOT NULL,
  `valid` int(4) NOT NULL,
  `origin` varchar(255) NOT NULL,
  `manor` varchar(255) NOT NULL,
  `Production area` varchar(255) NOT NULL,
  `Processing` varchar(255) NOT NULL,
  `altitude` varchar(255) NOT NULL,
  `Variety` varchar(255) NOT NULL,
  `Roast_degree` varchar(255) NOT NULL
) ENGINE=InnoDB DEFAULT CHARSET=utf8mb4 COLLATE=utf8mb4_general_ci;

--
-- 傾印資料表的資料 `product`
--

INSERT INTO `product` (`id`, `name`, `image`, `image_main`, `brand`, `amount`, `price`, `discountPrice`, `description`, `product_category`, `popularity`, `views`, `dateAdded`, `valid`, `origin`, `manor`, `Production area`, `Processing`, `altitude`, `Variety`, `Roast_degree`) VALUES
(1, '巴拿馬 翡翠莊園 Jaramillo 綠標瑰夏 日曬', '[\"images/1-1.jpg\", \"images/1-2.jpg\", \"images/1-3.jpg\",\"images/1-4.jpg\"]', 'images/1-1.jpg', 'PR咖啡', 20, 500, 400, '莊園配方職人尋味系列', 1, 0, 0, '2023-10-02', 1, '', '', '', '', '', '', ''),
(2, '綜合濾掛咖啡禮盒', '', '', 'JC咖啡', 50, 800, 650, '濃縮烘焙咖啡豆義式配方\n', 2, 0, 0, '2023-10-25', 1, '', '', '', '', '', '', ''),
(3, '莊園濾掛咖啡', '', '', 'JC咖啡', 30, 1000, 800, '哥倫比亞\n', 1, 0, 0, '2023-10-03', 1, '', '', '', '', '', '', ''),
(4, '日常禮盒 x 日日好日 x 濾掛咖啡12入', '', '', 'Sit Down Plz Coffee ', 50, 500, 450, '\n\n材質｜350 磅象牙卡印刷\n尺寸｜25 x 18 x 7 cm\n容量｜12 包濾掛咖啡\n\n', 2, 205, 156, '1900-01-02', 1, '', '', '', '', '', '', ''),
(5, '鑽石山水洗 / 巴拿馬翡翠莊園 / 經典 / 咖啡豆 / 濾掛 /', '', '', 'Sit Down Plz Coffee', 73, 180, 100, '西當短評｜輕輕鬆鬆，酸甜好入喉～', 1, 100, 156, '2023-10-03', 1, '', '', '', '', '', '', ''),
(6, '救國者一號 / 配方豆 / 濾掛咖啡 / 咖啡豆', '', '', 'Sit Down Plz Coffee', 60, 900, 600, '風味描述｜茶花、牛奶糖、榛果、紅茶\n', 1, 100, 156, '2023-10-29', 1, '', '', '', '', '', '', ''),
(7, '小兔戰隊【濾掛咖啡】禮盒', '', '', 'Sit Down Plz Coffee', 20, 700, 600, '禮盒內容物\n酒香、荔枝、藝伎香、柑橘、經典、香草薰香！\n每款口味各二，一共 12包 + 紙製提袋', 2, 200, 156, '2023-10-17', 1, '', '', '', '', '', '', ''),
(8, '墨西哥 皮納塔 彩虹小馬 水洗 中深焙', '', '', '香馥咖啡豆專賣店', 10, 360, 240, '風味特色： 堅果、巧克力、榛果醬、乳脂感、酸甜平衡、圓潤滑順、甜感佳\n', 1, 200, 156, '2023-10-24', 1, '', '', '', '', '', '', ''),
(9, '巴西 喜拉朵 日曬 中焙', '', '', '香馥咖啡豆專賣店', 15, 220, 100, '風味特色：堅果可可風味、甜香中略帶點柑橘果酸\n', 1, 202, 156, '2023-10-26', 1, '', '', '', '', '', '', ''),
(10, '巴西 摩吉安娜 COE冠軍莊園 皇后莊園 去果皮日曬 中焙', '', '', '香馥咖啡豆專賣店', 60, 390, 190, '風味特色： 入口為堅果、柑橘香，餘韻為巧克力、榛果、黑糖、奶油風味，口感札實、平衡滑順。\n', 1, 210, 156, '0000-00-00', 1, '', '', '', '', '', '', ''),
(11, '黑浮咖啡-衣索比亞 瑰秘藝妓(日曬淺培)', '', '', '黑浮咖啡', 40, 500, 350, '風味 : 黑莓、紅石榴、柑橘', 1, 203, 156, '2023-10-18', 1, '', '', '', '', '', '', ''),
(12, '奎克咖啡-美國夏威夷/香草堅果(深培水洗)', '', '', '奎克咖啡', 60, 270, 200, '風味：獨特香草與堅果風味，喉韻回甘渾厚圓滿', 1, 200, 156, '1900-01-29', 1, '', '', '', '', '', '', ''),
(13, '奎克咖啡-哥倫比亞薇拉省/百果盛宴(特殊處理淺培)', '', '', '奎克咖啡', 111, 270, 100, '風味：青蘋果、百香果、接骨木花', 1, 800, 156, '2023-10-25', 1, '', '', '', '', '', '', ''),
(14, '黑浮咖啡-獨家配方豆', '', '', '黑浮咖啡', 50, 600, 400, '風味：明顯巧克力堅果及紅酒香氣，口感濃厚，尾韻回甘。', 1, 200, 156, '2023-10-30', 1, '', '', '', '', '', '', ''),
(15, '【新品上市】蜂蜜酒酒漬咖啡掛耳10入 | 中焙 | 自用款', '', '', '哈本咖啡 Happen Coffee', 40, 680, 490, '咖啡產區 ：巴拿馬、衣索比亞\n', 1, 200, 156, '2023-10-24', 1, '', '', '', '', '', '', ''),
(16, '【期間限定組合】獨家配方 + 世界風味 | 掛耳咖啡組合', '', '', '哈本咖啡 Happen Coffee', 20, 745, 500, '| 內容物\n(1) 獨家配方掛耳包 10g x 10入\n(2) 世界風味綜合精選掛耳包 10g x 10入', 1, 200, 156, '0000-00-00', 1, '', '', '', '', '', '', ''),
(17, '獨家配方 小黑貓 | 深焙 | 甘甜平衡 | 咖啡豆 200g', '', '', '哈本咖啡 Happen Coffee', 56, 400, 280, '風味筆記 : 可可、堅果、莓果微酸。', 1, 200, 156, '0000-00-00', 1, '', '', '', '', '', '', ''),
(18, '獨家配方 黑皮野驢 | 中焙 | 野性花香 | 咖啡豆 200g', '', '', '哈本咖啡 Happen Coffee', 89, 450, 300, '風味筆記 ： 紅茶、柑橘、帶點野性的花香和麥芽糖甜感', 0, 200, 156, '0000-00-00', 1, '', '', '', '', '', '', ''),
(19, '獨家配方 鐵道司令 | 深焙 | 醇厚香濃 | 咖啡豆 200g', '', '', '哈本咖啡 Happen Coffee', 4, 400, 200, '風味筆記 : 苦甜香濃、飽滿厚重、香料味。', 0, 200, 156, '0000-00-00', 1, '', '', '', '', '', '', ''),
(20, '哥斯大黎加 寶藏莊園 | 淺焙 | 黑蜜處理 | 咖啡豆 200g', '', '', '哈本咖啡 Happen Coffee', 11, 550, 430, '豐富酸甜感，糖蜜、香草、葡萄乾氣息，尾韻帶雪莉酒香', 0, 200, 156, '2023-10-25', 1, '', '', '', '', '', '', ''),
(21, '宏都拉斯 瓜拉拉佩 | 中焙 | 水洗 | 掛耳10入', '', '', '哈本咖啡 Happen Coffee', 32, 400, 300, '沉穩的木質香氣、甘蔗甜感、堅果香氣，低酸度並帶著黑巧克力的優質苦感，非常適合製成義式咖啡或加入牛奶', 0, 200, 156, '0000-00-00', 1, '', '', '', '', '', '', ''),
(22, 'CoFeel凱飛 我的貓BOSS │耶加雪菲│單品濾掛咖啡│10g', '', '', 'CoFeel凱飛', 23, 400, 350, '【參考風味】\r\n柑橘、橘子皮、花香、甜度高', 0, 200, 156, '0000-00-00', 1, '', '', '', '', '', '', ''),
(23, 'CoFeel凱飛 我的貓BOSS │黃金曼特寧│單品濾掛咖啡│10g', '', '', 'CoFeel凱飛', 9, 500, 300, '【參考風味】\r\n松木、焦糖奶油，尾韻甘甜', 0, 208, 156, '2023-10-19', 1, '', '', '', '', '', '', ''),
(24, 'CoFeel凱飛 我的貓BOSS │瓜地馬拉花神│單品濾掛咖啡│10g', '', '', 'CoFeel凱飛', 30, 600, 400, '【參考風味】\r\n香草香氣、烤焦糖香、白柚、龍眼乾、苦甜巧克力', 0, 200, 156, '1900-01-10', 1, '', '', '', '', '', '', ''),
(25, '想望咖啡【獨家】翡翠 低因咖啡豆200g/水洗/中焙', '', '', '想望咖啡', 20, 520, 430, '風味：無花果、杏桃、焦糖布丁', 0, 200, 156, '1900-01-16', 1, '', '', '', '', '', '', ''),
(26, '想望咖啡【北歐之道】卡蘿玫瑰精品咖啡豆200g/水洗/淺焙', '', '', '想望咖啡', 15, 600, 490, '風味筆記：玫瑰、白葡萄、橙花、白茶', 0, 200, 156, '0000-00-00', 1, '', '', '', '', '', '', ''),
(27, '想望咖啡【頂級90+】野薑花藝伎/乾發酵水洗/淺焙/咖啡豆', '', '', '想望咖啡', 80, 900, 720, '風味筆記：野薑花、荔枝、人參、茉莉花茶', 0, 200, 156, '0000-00-00', 1, '', '', '', '', '', '', ''),
(28, '想望咖啡【獨家風味】蒙馬特的午後咖啡豆 200g/莓果/酒感', '', '', '想望咖啡', 2, 320, 220, '風味筆記：莓果、橙皮、白酒香', 0, 200, 156, '0000-00-00', 1, '', '', '', '', '', '', ''),
(29, '想望咖啡-頂級藍 咖啡豆200g/日曬/中焙/伊帕內瑪莊園頂級', '', '', '想望咖啡', 5, 800, 700, '風味筆記：堅果、蔗糖、奶油餅乾、可可蛋糕', 0, 200, 156, '0000-00-00', 1, '', '', '', '', '', '', ''),
(30, '寶格麗午茶園咖啡豆100g/200g/延長發酵水洗/淺焙', '', '', '想望咖啡', 7, 500, 400, '風味筆記：金盞花，白柚，糖漬檸檬，鐵觀音茶', 0, 207, 156, '0000-00-00', 1, '', '', '', '', '', '', ''),
(31, '想望咖啡【頂級金】黃金年代 精品咖啡豆200g/日曬/中焙', '', '', '想望咖啡', 56, 750, 350, '風味筆記：杏仁、 焦糖、 蜜棗', 0, 204, 156, '0000-00-00', 1, '', '', '', '', '', '', ''),
(32, '想望咖啡【90+頂級藝伎濾掛】咖啡掛耳禮盒18入', '', '', '想望咖啡', 5, 3960, 3000, '✶ 組合內容：以下咖啡品項各9包 ✶\r\n\r\n．茱麗葉藝伎（淺焙．乾發酵/半日曬）巴拿馬 - 風味：橙皮、香草、白桃\r\n．野薑花藝伎（淺焙．乾發酵/水洗）巴拿馬 - 風味：野薑花、荔枝、人參、茉莉花茶', 0, 200, 156, '0000-00-00', 1, '', '', '', '', '', '', ''),
(33, '想望咖啡【免運禮盒】珍稀藝伎 精品咖啡掛耳18入/濾掛/生日禮物', '', '', '想望咖啡', 10, 2560, 2000, '✶ 組合內容：以下咖啡品項各 6 包 ✶\r\n\r\n．翡翠莊園．綠標藝伎（淺焙．水洗）巴拿馬 - 風味：佛手柑、茉莉花、柳橙、荔枝、綠茶**\r\n．亞歷山大藝伎（淺焙．水洗）哥倫比亞 - 風味：小白菊、佛手柑、水蜜桃、檸檬茶**\r\n．莫拉藝伎（淺焙．水洗）哥倫比亞 - 風味：白花、水蜜桃、烏龍茶**', 0, 200, 156, '0000-00-00', 1, '', '', '', '', '', '', ''),
(34, '想望咖啡【獨家風味】想望禮盒 精品咖啡掛耳20入 早晨&午後', '', '', '想望咖啡', 12, 920, 800, '✶ 組合內容 ✶\r\n\r\n．波西塔諾的早晨（中深焙．蜜處理）薩爾瓦多、瓜地馬拉 - 風味：焦糖、肉桂蘋果、黑巧克力\r\n．蒙馬特的午後（淺焙．厭氧日曬）薩爾瓦多、巴拿馬 - 風味：莓果、橙皮、白酒\r\n', 0, 200, 156, '0000-00-00', 1, '', '', '', '', '', '', ''),
(35, 'Simple Kaffa 興波咖啡 | 世界冠軍濾掛式咖啡禮盒', '', '', 'Simple Kaffa 興波咖啡', 18, 860, 800, ' 阿寶綜合 / 深焙配方，榛果、焦糖、巧克力調性，甜感十足\r\n 衣索比亞日曬 / 淺焙單品，鳳梨、芒果乾、洋甘菊、紅茶\r\n 衣索比亞水洗 / 淺焙單品，佛手柑，白花，萊姆，紅茶', 0, 199, 156, '0000-00-00', 1, '', '', '', '', '', '', ''),
(36, '【SATUR】 農神之禮 結實紺藍 熟豆組', '', '', '薩圖爾精品咖啡', 1, 980, 450, '● 經典系列\r\n【產地】[ 哥倫比亞 ] 哥倫比亞；[ 迦佑曼特寧 ] 印尼；[ 耶加雪菲 ] 衣索比亞；[ 安提瓜 ] 瓜地馬拉\r\n\r\n● 神系列\r\n【產地】 [ 馬廄 ] 台灣東山；[ 中央山谷 ] 哥斯大黎加；[ 翡翠莊園鑽石山] 巴拿馬', 0, 206, 156, '0000-00-00', 1, '', '', '', '', '', '', '');

-- --------------------------------------------------------

--
-- 資料表結構 `product_category`
--

CREATE TABLE `product_category` (
  `id` int(11) NOT NULL,
  `name` text NOT NULL
) ENGINE=InnoDB DEFAULT CHARSET=utf8mb4 COLLATE=utf8mb4_general_ci;

--
-- 傾印資料表的資料 `product_category`
--

INSERT INTO `product_category` (`id`, `name`) VALUES
(1, '咖啡豆'),
(2, '咖啡禮盒'),
(3, '咖啡機台'),
(4, '咖啡器具'),
(5, '咖啡飲用器具');

-- --------------------------------------------------------

--
-- 資料表結構 `users`
--

CREATE TABLE `users` (
  `id` int(7) UNSIGNED NOT NULL,
  `username` varchar(30) NOT NULL,
  `password` varchar(50) NOT NULL,
  `gender` varchar(10) NOT NULL,
  `phone` varchar(10) NOT NULL,
  `email` varchar(200) NOT NULL,
  `birthday` date NOT NULL,
  `avatar` varchar(50) DEFAULT NULL,
  `created_at` datetime NOT NULL,
  `grade_id` int(1) NOT NULL,
  `valid` int(1) NOT NULL,
  `fb_uid` varchar(200) NOT NULL,
  `google_uid` varchar(200) NOT NULL,
  `photo_url` varchar(200) NOT NULL,
  `name` varchar(200) NOT NULL
) ENGINE=InnoDB DEFAULT CHARSET=utf8mb4 COLLATE=utf8mb4_general_ci;

--
-- 傾印資料表的資料 `users`
--

INSERT INTO `users` (`id`, `username`, `password`, `gender`, `phone`, `email`, `birthday`, `avatar`, `created_at`, `grade_id`, `valid`, `fb_uid`, `google_uid`, `photo_url`, `name`) VALUES
(1, 'John Doe', 'pass123', 'Male', '1234567890', 'johndoe@example.com', '1990-01-01', 'logo1.png', '2023-07-13 12:00:00', 1, 1, '', '', '', ''),
(2, 'Jane Smith', 'secret456', 'Female', '9876543210', 'janesmith@example.com', '1992-05-15', 'preset-icon.png', '2023-07-13 12:00:00', 1, 1, '', '', '', ''),
(3, 'Edison Lee', 'pin1234', 'Male', '0970812816', 'kayinortin@hotmail.com', '1993-01-06', 'preset-icon.png', '2023-07-13 12:00:00', 1, 1, '', '', '', ''),
(4, 'Sarah Williams', 'pass789', 'Female', '6666666666', 'sarahwilliams@example.com', '1995-08-22', 'preset-icon.png', '2023-07-13 12:00:00', 1, 1, '', '', '', ''),
(5, 'Michael Brown', 'abc123', 'Male', '7777777777', 'michaelbrown@example.com', '1993-04-10', 'preset-icon.png', '2023-07-13 12:00:00', 1, 1, '', '', '', ''),
(6, 'Emily Davis', 'def456', 'Female', '8888888888', 'emilydavis@example.com', '1991-09-05', 'preset-icon.png', '2023-07-13 12:00:00', 1, 1, '', '', '', ''),
(7, 'Christopher Martinez', 'qwerty', 'Male', '9999999999', 'christophermartinez@example.co', '1989-03-20', 'preset-icon.png', '2023-07-13 12:00:00', 1, 1, '', '', '', ''),
(8, 'Sophia Anderson', 'pass789', 'Female', '1111111111', 'sophiaanderson@example.com', '1994-06-12', 'preset-icon.png', '2023-07-13 12:00:00', 1, 1, '', '', '', ''),
(9, 'Matthew Taylor', '123456', 'Male', '2222222222', 'matthewtaylor@example.com', '1996-02-28', 'preset-icon.png', '2023-07-13 12:00:00', 1, 1, '', '', '', ''),
(10, 'Olivia Thomas', 'abc789', 'Female', '3333333333', 'oliviathomas@example.com', '1992-07-25', 'preset-icon.png', '2023-07-13 12:00:00', 1, 1, '', '', '', ''),
(11, 'James Hernandez', 'password123', 'Male', '4444444444', 'jameshernandez@example.com', '1987-12-10', 'preset-icon.png', '2023-07-13 12:00:00', 1, 1, '', '', '', ''),
(13, 'Joseph Gonzalez', 'xyz789', 'Male', '6666666666', 'josephgonzalez@example.com', '1993-08-18', 'preset-icon.png', '2023-07-13 12:00:00', 1, 1, '', '', '', ''),
(14, 'Mia Moore', 'secret123', 'Female', '7777777777', 'miamoore@example.com', '1989-01-02', 'preset-icon.png', '2023-07-13 12:00:00', 1, 1, '', '', '', ''),
(15, 'William Lee', 'pass456', 'Male', '8888888888', 'williamlee@example.com', '1991-05-17', 'preset-icon.png', '2023-07-13 12:00:00', 1, 1, '', '', '', ''),
(16, 'Isabella Harris', 'qwerty123', 'Female', '9999999999', 'isabellaharris@example.com', '1988-10-02', 'preset-icon.png', '2023-07-13 12:00:00', 1, 1, '', '', '', ''),
(17, 'Daniel Clark', 'abc456', 'Male', '1111111111', 'danielclark@example.com', '1995-02-27', 'preset-icon.png', '2023-07-13 12:00:00', 1, 1, '', '', '', ''),
(18, 'Emma Lewis', 'pass123', 'Female', '2222222222', 'emmalewis@example.com', '1994-07-24', 'preset-icon.png', '2023-07-13 12:00:00', 1, 1, '', '', '', ''),
(19, 'Benjamin Young', 'xyz456', 'Male', '3333333333', 'benjaminyoung@example.com', '1991-12-09', 'preset-icon.png', '2023-07-13 12:00:00', 1, 1, '', '', '', ''),
(20, 'Sofia Rodriguez', 'secret789', 'Female', '4444444444', 'sofiarodriguez@example.com', '1993-05-03', 'preset-icon.png', '2023-07-13 12:00:00', 1, 1, '', '', '', ''),
(21, 'Elijah Walker', 'pass789', 'Male', '5555555555', 'elijahwalker@example.com', '1992-10-18', 'preset-icon.png', '2023-07-13 12:00:00', 1, 1, '', '', '', ''),
(22, 'Avery Hall', 'abc123', 'Female', '6666666666', 'averyhall@example.com', '1990-03-04', 'preset-icon.png', '2023-07-13 12:00:00', 1, 1, '', '', '', ''),
(23, 'Grace Allen', 'qwerty456', 'Female', '7777777777', 'graceallen@example.com', '1987-07-29', 'preset-icon.png', '2023-07-13 12:00:00', 1, 1, '', '', '', ''),
(24, 'Samuel Hernandez', 'pass456', 'Male', '8888888888', 'samuelhernandez@example.com', '1995-01-14', 'preset-icon.png', '2023-07-13 12:00:00', 1, 1, '', '', '', ''),
(25, 'Chloe Turner', 'xyz123', 'Female', '9999999999', 'chloeturner@example.com', '1993-06-28', 'preset-icon.png', '2023-07-13 12:00:00', 1, 1, '', '', '', ''),
(26, 'Henry Parker', 'abc789', 'Male', '1111111111', 'henryparker@example.com', '1992-11-12', 'preset-icon.png', '2023-07-13 12:00:00', 1, 1, '', '', '', ''),
(27, 'Victoria Coleman', 'password123', 'Female', '2222222222', 'victoriacoleman@example.com', '1990-04-29', 'preset-icon.png', '2023-07-13 12:00:00', 1, 1, '', '', '', ''),
(28, 'Andrew Cook', 'pass789', 'Male', '3333333333', 'andrewcook@example.com', '1988-09-13', 'preset-icon.png', '2023-07-13 12:00:00', 1, 1, '', '', '', ''),
(29, 'Scarlett Cooper', 'xyz789', 'Female', '4444444444', 'scarlettcooper@example.com', '1995-02-28', 'preset-icon.png', '2023-07-13 12:00:00', 1, 1, '', '', '', ''),
(30, 'Josephine Hill', 'secret123', 'Female', '5555555555', 'josephinehill@example.com', '1991-07-15', 'preset-icon.png', '2023-07-13 12:00:00', 1, 1, '', '', '', ''),
(31, 'Jack Wright', 'pass123', 'Male', '6666666666', 'jackwright@example.com', '1993-11-30', 'preset-icon.png', '2023-07-13 12:00:00', 1, 1, '', '', '', ''),
(32, 'Penelope Ward', 'abc456', 'Female', '7777777777', 'penelopeward@example.com', '1989-04-16', 'preset-icon.png', '2023-07-13 12:00:00', 1, 1, '', '', '', ''),
(33, 'Lucas Mitchell', 'pass789', 'Male', '8888888888', 'lucasmitchell@example.com', '1994-08-02', 'preset-icon.png', '2023-07-13 12:00:00', 1, 1, '', '', '', ''),
(34, 'Aria Bell', 'xyz456', 'Female', '9999999999', 'ariabell@example.com', '1990-12-18', 'preset-icon.png', '2023-07-13 12:00:00', 1, 1, '', '', '', ''),
(35, 'Gabriel Turner', 'secret789', 'Male', '1111111111', 'gabrielturner@example.com', '1992-05-03', 'preset-icon.png', '2023-07-13 12:00:00', 1, 1, '', '', '', ''),
(36, 'Mila Scott', 'pass123', 'Female', '2222222222', 'milascott@example.com', '1995-09-17', 'preset-icon.png', '2023-07-13 12:00:00', 1, 1, '', '', '', ''),
(37, 'Carter Morgan', 'abc123', 'Male', '3333333333', 'cartermorgan@example.com', '1987-02-02', 'preset-icon.png', '2023-07-13 12:00:00', 1, 1, '', '', '', ''),
(38, 'Abigail Murphy', 'qwerty123', 'Female', '4444444444', 'abigailmurphy@example.com', '1993-07-18', 'preset-icon.png', '2023-07-13 12:00:00', 1, 1, '', '', '', ''),
(39, 'Dylan Allen', 'pass456', 'Male', '5555555555', 'dylanallen@example.com', '1991-12-03', 'preset-icon.png', '2023-07-13 12:00:00', 1, 1, '', '', '', ''),
(40, 'Sophie Adams', 'xyz789', 'Female', '6666666666', 'sophieadams@example.com', '1990-05-18', 'preset-icon.png', '2023-07-13 12:00:00', 1, 1, '', '', '', ''),
(41, 'Owen Lewis', 'secret123', 'Male', '7777777777', 'owenlewis@example.com', '1988-10-02', 'preset-icon.png', '2023-07-13 12:00:00', 1, 1, '', '', '', ''),
(42, 'Elizabeth Young', 'pass123', 'Female', '8888888888', 'elizabethyoung@example.com', '1993-02-16', 'preset-icon.png', '2023-07-13 12:00:00', 1, 1, '', '', '', ''),
(43, 'Luke Hall', 'abc789', 'Male', '9999999999', 'lukehall@example.com', '1992-07-03', 'preset-icon.png', '2023-07-13 12:00:00', 1, 1, '', '', '', ''),
(44, 'Scarlett Hill', 'qwerty456', 'Female', '1111111111', 'scarletthill@example.com', '1989-11-18', 'preset-icon.png', '2023-07-13 12:00:00', 1, 1, '', '', '', ''),
(45, 'Julian Hernandez', 'pass456', 'Male', '2222222222', 'julianhernandez@example.com', '1994-04-05', 'preset-icon.png', '2023-07-13 12:00:00', 1, 1, '', '', '', ''),
(46, 'Avery Rodriguez', 'xyz123', 'Female', '3333333333', 'averyrodriguez@example.com', '1991-08-20', 'preset-icon.png', '2023-07-13 12:00:00', 1, 1, '', '', '', ''),
(47, 'Sofia Walker', 'secret789', 'Female', '4444444444', 'sofiawalker@example.com', '1993-01-05', 'preset-icon.png', '2023-07-13 12:00:00', 1, 1, '', '', '', ''),
(48, 'Sebastian Turner', 'pass789', 'Male', '5555555555', 'sebastianturner@example.com', '1992-06-20', 'preset-icon.png', '2023-07-13 12:00:00', 1, 1, '', '', '', ''),
(49, 'Lucy Foster', 'abc123', 'Female', '6666666666', 'lucyfoster@example.com', '1990-11-05', 'preset-icon.png', '2023-07-13 12:00:00', 1, 1, '', '', '', ''),
(50, 'Connor Powell', 'qwerty789', 'Male', '7777777777', 'connorpowell@example.com', '1988-04-20', 'preset-icon.png', '2023-07-13 12:00:00', 1, 1, '', '', '', ''),
(52, 'Jane Smith', 'secret456', 'Female', '9876543210', 'janesmith@example.com', '1992-05-15', 'preset-icon.png', '2023-07-13 12:00:00', 1, 1, '', '', '', ''),
(53, 'David Johnson', 'password789', 'Male', '5555555555', 'davidjohnson@example.com', '1988-11-30', 'preset-icon.png', '2023-07-13 12:00:00', 1, 1, '', '', '', ''),
(54, 'Sarah Williams', 'pass789', 'Female', '6666666666', 'sarahwilliams@example.com', '1995-08-22', 'preset-icon.png', '2023-07-13 12:00:00', 1, 1, '', '', '', ''),
(55, 'Michael Brown', 'abc123', 'Male', '7777777777', 'michaelbrown@example.com', '1993-04-10', 'preset-icon.png', '2023-07-13 12:00:00', 1, 1, '', '', '', ''),
(56, 'Emily Davis', 'def456', 'Female', '8888888888', 'emilydavis@example.com', '1991-09-05', 'preset-icon.png', '2023-07-13 12:00:00', 1, 1, '', '', '', ''),
(57, 'Christopher Martinez', 'qwerty', 'Male', '9999999999', 'christophermartinez@example.co', '1989-03-20', 'preset-icon.png', '2023-07-13 12:00:00', 1, 1, '', '', '', ''),
(58, 'Sophia Anderson', 'pass789', 'Female', '1111111111', 'sophiaanderson@example.com', '1994-06-12', 'preset-icon.png', '2023-07-13 12:00:00', 1, 1, '', '', '', ''),
(59, 'Matthew Taylor', '123456', 'Male', '2222222222', 'matthewtaylor@example.com', '1996-02-28', 'preset-icon.png', '2023-07-13 12:00:00', 1, 1, '', '', '', ''),
(60, 'Olivia Thomas', 'abc789', 'Female', '3333333333', 'oliviathomas@example.com', '1992-07-25', 'preset-icon.png', '2023-07-13 12:00:00', 1, 1, '', '', '', ''),
(61, 'James Hernandez', 'password123', 'Male', '4444444444', 'jameshernandez@example.com', '1987-12-10', 'preset-icon.png', '2023-07-13 12:00:00', 1, 1, '', '', '', ''),
(62, 'Ava Wilson', 'pass123', 'Female', '5555555555', 'avawilson@example.com', '1990-04-03', 'preset-icon.png', '2023-07-13 12:00:00', 1, 1, '', '', '', ''),
(63, 'Joseph Gonzalez', 'xyz789', 'Male', '6666666666', 'josephgonzalez@example.com', '1993-08-18', 'preset-icon.png', '2023-07-13 12:00:00', 1, 1, '', '', '', ''),
(64, 'Mia Moore', 'secret123', 'Female', '7777777777', 'miamoore@example.com', '1989-01-02', 'preset-icon.png', '2023-07-13 12:00:00', 1, 1, '', '', '', ''),
(65, 'William Lee', 'pass456', 'Male', '8888888888', 'williamlee@example.com', '1991-05-17', 'preset-icon.png', '2023-07-13 12:00:00', 1, 1, '', '', '', ''),
(66, 'Isabella Harris', 'qwerty123', 'Female', '9999999999', 'isabellaharris@example.com', '1988-10-02', 'preset-icon.png', '2023-07-13 12:00:00', 1, 1, '', '', '', ''),
(67, 'Daniel Clark', 'abc456', 'Male', '1111111111', 'danielclark@example.com', '1995-02-27', 'preset-icon.png', '2023-07-13 12:00:00', 1, 1, '', '', '', ''),
(68, 'Emma Lewis', 'pass123', 'Female', '2222222222', 'emmalewis@example.com', '1994-07-24', 'preset-icon.png', '2023-07-13 12:00:00', 1, 1, '', '', '', ''),
(69, 'Benjamin Young', 'xyz456', 'Male', '3333333333', 'benjaminyoung@example.com', '1991-12-09', 'preset-icon.png', '2023-07-13 12:00:00', 1, 1, '', '', '', ''),
(70, 'Sofia Rodriguez', 'secret789', 'Female', '4444444444', 'sofiarodriguez@example.com', '1993-05-03', 'preset-icon.png', '2023-07-13 12:00:00', 1, 1, '', '', '', ''),
(71, 'Elijah Walker', 'pass789', 'Male', '5555555555', 'elijahwalker@example.com', '1992-10-18', 'preset-icon.png', '2023-07-13 12:00:00', 1, 1, '', '', '', ''),
(72, 'Avery Hall', 'abc123', 'Female', '6666666666', 'averyhall@example.com', '1990-03-04', 'preset-icon.png', '2023-07-13 12:00:00', 1, 1, '', '', '', ''),
(73, 'Grace Allen', 'qwerty456', 'Female', '7777777777', 'graceallen@example.com', '1987-07-29', 'preset-icon.png', '2023-07-13 12:00:00', 1, 1, '', '', '', ''),
(74, 'Samuel Hernandez', 'pass456', 'Male', '8888888888', 'samuelhernandez@example.com', '1995-01-14', 'preset-icon.png', '2023-07-13 12:00:00', 1, 1, '', '', '', ''),
(75, 'Chloe Turner', 'xyz123', 'Female', '9999999999', 'chloeturner@example.com', '1993-06-28', 'preset-icon.png', '2023-07-13 12:00:00', 1, 1, '', '', '', ''),
(76, 'Henry Parker', 'abc789', 'Male', '1111111111', 'henryparker@example.com', '1992-11-12', 'preset-icon.png', '2023-07-13 12:00:00', 1, 1, '', '', '', ''),
(77, 'Victoria Coleman', 'password123', 'Female', '2222222222', 'victoriacoleman@example.com', '1990-04-29', 'preset-icon.png', '2023-07-13 12:00:00', 1, 1, '', '', '', ''),
(78, 'Andrew Cook', 'pass789', 'Male', '3333333333', 'andrewcook@example.com', '1988-09-13', 'preset-icon.png', '2023-07-13 12:00:00', 1, 1, '', '', '', ''),
(79, 'Scarlett Cooper', 'xyz789', 'Female', '4444444444', 'scarlettcooper@example.com', '1995-02-28', 'preset-icon.png', '2023-07-13 12:00:00', 1, 1, '', '', '', ''),
(80, 'Josephine Hill', 'secret123', 'Female', '5555555555', 'josephinehill@example.com', '1991-07-15', 'preset-icon.png', '2023-07-13 12:00:00', 1, 1, '', '', '', ''),
(81, 'Jack Wright', 'pass123', 'Male', '6666666666', 'jackwright@example.com', '1993-11-30', 'preset-icon.png', '2023-07-13 12:00:00', 1, 1, '', '', '', ''),
(82, 'Penelope Ward', 'abc456', 'Female', '7777777777', 'penelopeward@example.com', '1990-04-16', 'preset-icon.png', '2023-07-13 12:00:00', 1, 1, '', '', '', ''),
(83, 'Lucas Mitchell', 'pass789', 'Male', '8888888888', 'lucasmitchell@example.com', '1994-08-02', 'preset-icon.png', '2023-07-13 12:00:00', 1, 1, '', '', '', ''),
(84, 'Aria Bell', 'xyz456', 'Female', '9999999999', 'ariabell@example.com', '1990-12-18', 'preset-icon.png', '2023-07-13 12:00:00', 1, 1, '', '', '', ''),
(85, 'Gabriel Turner', 'secret789', 'Male', '1111111111', 'gabrielturner@example.com', '1992-05-03', 'preset-icon.png', '2023-07-13 12:00:00', 1, 1, '', '', '', ''),
(86, 'Mila Scott', 'pass123', 'Female', '2222222222', 'milascott@example.com', '1995-09-17', 'preset-icon.png', '2023-07-13 12:00:00', 1, 1, '', '', '', ''),
(87, 'Carter Morgan', 'abc123', 'Male', '3333333333', 'cartermorgan@example.com', '1987-02-02', 'preset-icon.png', '2023-07-13 12:00:00', 1, 1, '', '', '', ''),
(88, 'Abigail Murphy', 'qwerty123', 'Female', '4444444444', 'abigailmurphy@example.com', '1993-07-18', 'preset-icon.png', '2023-07-13 12:00:00', 1, 1, '', '', '', ''),
(89, 'Dylan Allen', 'pass456', 'Male', '5555555555', 'dylanallen@example.com', '1991-12-03', 'preset-icon.png', '2023-07-13 12:00:00', 1, 1, '', '', '', ''),
(90, 'Sophie Adams', 'xyz789', 'Female', '6666666666', 'sophieadams@example.com', '1990-05-18', 'preset-icon.png', '2023-07-13 12:00:00', 1, 1, '', '', '', ''),
(91, 'Owen Lewis', 'secret123', 'Male', '7777777777', 'owenlewis@example.com', '1988-10-02', 'preset-icon.png', '2023-07-13 12:00:00', 1, 1, '', '', '', ''),
(92, 'Elizabeth Young', 'pass123', 'Female', '8888888888', 'elizabethyoung@example.com', '1993-02-16', 'preset-icon.png', '2023-07-13 12:00:00', 1, 1, '', '', '', ''),
(93, 'Luke Hall', 'abc789', 'Male', '9999999999', 'lukehall@example.com', '1992-07-03', 'preset-icon.png', '2023-07-13 12:00:00', 1, 1, '', '', '', ''),
(94, 'Scarlett Hill', 'qwerty456', 'Female', '1111111111', 'scarletthill@example.com', '1989-11-18', 'preset-icon.png', '2023-07-13 12:00:00', 1, 1, '', '', '', ''),
(95, 'Julian Hernandez', 'pass456', 'Male', '2222222222', 'julianhernandez@example.com', '1994-04-05', 'preset-icon.png', '2023-07-13 12:00:00', 1, 1, '', '', '', ''),
(96, 'Avery Rodriguez', 'xyz123', 'Female', '3333333333', 'averyrodriguez@example.com', '1991-08-20', 'preset-icon.png', '2023-07-13 12:00:00', 1, 1, '', '', '', ''),
(97, 'Sofia Walker', 'secret789', 'Female', '4444444444', 'sofiawalker@example.com', '1993-01-05', 'preset-icon.png', '2023-07-13 12:00:00', 1, 1, '', '', '', ''),
(98, 'Sebastian Turner', 'pass789', 'Male', '5555555555', 'sebastianturner@example.com', '1992-06-20', 'preset-icon.png', '2023-07-13 12:00:00', 1, 1, '', '', '', ''),
(99, 'Lucy Foster', 'abc123', 'Female', '6666666666', 'lucyfoster@example.com', '1990-11-05', 'preset-icon.png', '2023-07-13 12:00:00', 1, 1, '', '', '', ''),
(100, 'Connor Powell', 'qwerty789', 'Male', '7777777777', 'connorpowell@example.com', '1988-04-20', 'preset-icon.png', '2023-07-13 12:00:00', 1, 1, '', '', '', ''),
(101, 'Ahoyz', '123', 'Female', '0930920392', 'Ahoyz@test.com', '2023-07-17', 'preset-icon.png', '2023-07-17 10:29:11', 3, 1, '', '', '', '');

-- --------------------------------------------------------

--
-- 資料表結構 `user_grade`
--

CREATE TABLE `user_grade` (
  `grade_id` int(10) UNSIGNED NOT NULL,
  `grade` varchar(15) NOT NULL
) ENGINE=InnoDB DEFAULT CHARSET=utf8mb4 COLLATE=utf8mb4_general_ci;

--
-- 傾印資料表的資料 `user_grade`
--

INSERT INTO `user_grade` (`grade_id`, `grade`) VALUES
(1, '一般會員'),
(2, 'VIP'),
(3, '未認證');

--
-- 已傾印資料表的索引
--

--
-- 資料表索引 `categories`
--
ALTER TABLE `categories`
  ADD PRIMARY KEY (`categories_id`);

--
-- 資料表索引 `categories_item`
--
ALTER TABLE `categories_item`
  ADD PRIMARY KEY (`items_id`);

--
-- 資料表索引 `coffseeker_teachers`
--
ALTER TABLE `coffseeker_teachers`
  ADD PRIMARY KEY (`teacher_id`);

--
-- 資料表索引 `coupon`
--
ALTER TABLE `coupon`
  ADD PRIMARY KEY (`coupon_id`);

--
-- 資料表索引 `course`
--
ALTER TABLE `course`
  ADD PRIMARY KEY (`course_id`);

--
-- 資料表索引 `course_level`
--
ALTER TABLE `course_level`
  ADD PRIMARY KEY (`course_level_id`);

--
-- 資料表索引 `course_location`
--
ALTER TABLE `course_location`
  ADD PRIMARY KEY (`course_location_id`);

--
-- 資料表索引 `course_type`
--
ALTER TABLE `course_type`
  ADD PRIMARY KEY (`course_type_id`);

--
-- 資料表索引 `news`
--
ALTER TABLE `news`
  ADD PRIMARY KEY (`news_id`);

--
-- 資料表索引 `orders`
--
ALTER TABLE `orders`
  ADD PRIMARY KEY (`order_id`);

--
-- 資料表索引 `order_states`
--
ALTER TABLE `order_states`
  ADD PRIMARY KEY (`states_id`);

--
-- 資料表索引 `otp`
--
ALTER TABLE `otp`
  ADD PRIMARY KEY (`id`);

--
-- 資料表索引 `product`
--
ALTER TABLE `product`
  ADD PRIMARY KEY (`id`);

--
-- 資料表索引 `product_category`
--
ALTER TABLE `product_category`
  ADD PRIMARY KEY (`id`);

--
-- 資料表索引 `users`
--
ALTER TABLE `users`
  ADD PRIMARY KEY (`id`);

--
-- 資料表索引 `user_grade`
--
ALTER TABLE `user_grade`
  ADD PRIMARY KEY (`grade_id`);

--
-- 在傾印的資料表使用自動遞增(AUTO_INCREMENT)
--

--
-- 使用資料表自動遞增(AUTO_INCREMENT) `categories`
--
ALTER TABLE `categories`
  MODIFY `categories_id` int(3) NOT NULL AUTO_INCREMENT, AUTO_INCREMENT=12;

--
-- 使用資料表自動遞增(AUTO_INCREMENT) `categories_item`
--
ALTER TABLE `categories_item`
  MODIFY `items_id` int(3) NOT NULL AUTO_INCREMENT, AUTO_INCREMENT=52;

--
-- 使用資料表自動遞增(AUTO_INCREMENT) `coffseeker_teachers`
--
ALTER TABLE `coffseeker_teachers`
  MODIFY `teacher_id` int(6) NOT NULL AUTO_INCREMENT, AUTO_INCREMENT=77;

--
-- 使用資料表自動遞增(AUTO_INCREMENT) `coupon`
--
ALTER TABLE `coupon`
  MODIFY `coupon_id` int(5) NOT NULL AUTO_INCREMENT, AUTO_INCREMENT=35;

--
-- 使用資料表自動遞增(AUTO_INCREMENT) `course`
--
ALTER TABLE `course`
  MODIFY `course_id` int(10) NOT NULL AUTO_INCREMENT, AUTO_INCREMENT=25;

--
-- 使用資料表自動遞增(AUTO_INCREMENT) `news`
--
ALTER TABLE `news`
  MODIFY `news_id` int(11) NOT NULL AUTO_INCREMENT, AUTO_INCREMENT=14;

--
-- 使用資料表自動遞增(AUTO_INCREMENT) `otp`
--
ALTER TABLE `otp`
  MODIFY `id` int(11) UNSIGNED NOT NULL AUTO_INCREMENT, AUTO_INCREMENT=18;

--
-- 使用資料表自動遞增(AUTO_INCREMENT) `product_category`
--
ALTER TABLE `product_category`
  MODIFY `id` int(11) NOT NULL AUTO_INCREMENT, AUTO_INCREMENT=6;
COMMIT;

/*!40101 SET CHARACTER_SET_CLIENT=@OLD_CHARACTER_SET_CLIENT */;
/*!40101 SET CHARACTER_SET_RESULTS=@OLD_CHARACTER_SET_RESULTS */;
/*!40101 SET COLLATION_CONNECTION=@OLD_COLLATION_CONNECTION */;
